programa,start_segment,end_segment,pais1,pais2,pais_par
385,826.0,835.0,Etiópia,Somália,"('Etiópia', 'Somália')"
385,863.0,867.0,Etiópia,Somália,"('Etiópia', 'Somália')"
385,945.0,951.0,Etiópia,Turquia,"('Etiópia', 'Turquia')"
385,951.0,957.0,Etiópia,Somália,"('Etiópia', 'Somália')"
385,963.0,972.0,Etiópia,Somália,"('Etiópia', 'Somália')"
385,1182.0,1185.0,Brasil,Japão,"('Brasil', 'Japão')"
385,1604.0,1624.0,China,Rússia,"('China', 'Rússia')"
385,1791.0,1810.0,Síria,Turquia,"('Síria', 'Turquia')"
385,1828.0,1856.0,Alemanha,Suécia,"('Alemanha', 'Suécia')"
385,1882.0,1899.0,Alemanha,Síria,"('Alemanha', 'Síria')"
385,2701.0,2714.0,Rússia,Suécia,"('Rússia', 'Suécia')"
385,2768.0,2784.0,Polônia,Suécia,"('Polônia', 'Suécia')"
385,2847.0,2860.0,Brasil,Equador,"('Brasil', 'Equador')"
385,3021.0,3027.0,Estados Unidos,México,"('Estados Unidos', 'México')"
385,3556.0,3581.0,Argentina,Bolívia,"('Argentina', 'Bolívia')"
385,4016.0,4020.0,Argentina,Bolívia,"('Argentina', 'Bolívia')"
385,5269.0,5273.0,Espanha,Estados Unidos,"('Espanha', 'Estados Unidos')"
385,5495.0,5498.0,Argentina,Brasil,"('Argentina', 'Brasil')"
385,5696.0,5701.0,Brasil,China,"('Brasil', 'China')"
385,5710.0,5715.0,Brasil,China,"('Brasil', 'China')"
385,6096.0,6102.0,Canadá,Gabão,"('Canadá', 'Gabão')"
385,6187.0,6192.0,Brasil,Peru,"('Brasil', 'Peru')"
385,6448.0,6452.0,Chile,Japão,"('Chile', 'Japão')"
385,6640.0,6645.0,Argentina,Equador,"('Argentina', 'Equador')"
385,7006.0,7010.0,Colômbia,Panamá,"('Colômbia', 'Panamá')"
385,7023.0,7028.0,Estados Unidos,Panamá,"('Estados Unidos', 'Panamá')"
385,7044.0,7049.0,Estados Unidos,México,"('Estados Unidos', 'México')"
385,7499.0,7502.0,Cuba,Estados Unidos,"('Cuba', 'Estados Unidos')"
385,9510.48,9512.48,Israel,Palestina,"('Israel', 'Palestina')"
385,10298.48,10302.48,Alemanha,Noruega,"('Alemanha', 'Noruega')"
385,10520.48,10523.48,Alemanha,França,"('Alemanha', 'França')"
385,10700.48,10713.48,Alemanha,Itália,"('Alemanha', 'Itália')"
385,10816.48,10831.48,Itália,Rússia,"('Itália', 'Rússia')"
385,10988.48,10996.48,Rússia,Turquia,"('Rússia', 'Turquia')"
386,337.04,344.08,Etiópia,Sudão,"('Etiópia', 'Sudão')"
386,347.32,352.8,Etiópia,Sudão,"('Etiópia', 'Sudão')"
386,759.76,769.0,Israel,Palestina,"('Israel', 'Palestina')"
386,782.6,791.24,Síria,Turquia,"('Síria', 'Turquia')"
386,822.24,829.92,Síria,Turquia,"('Síria', 'Turquia')"
386,837.84,847.04,Síria,Turquia,"('Síria', 'Turquia')"
386,951.84,957.84,Argentina,Brasil,"('Argentina', 'Brasil')"
386,951.84,957.84,Argentina,Turquia,"('Argentina', 'Turquia')"
386,951.84,957.84,Brasil,Turquia,"('Brasil', 'Turquia')"
386,5646.06,5650.06,Argentina,Brasil,"('Argentina', 'Brasil')"
386,5854.06,5861.06,Bolívia,Brasil,"('Bolívia', 'Brasil')"
386,5959.06,5964.06,Bolívia,Brasil,"('Bolívia', 'Brasil')"
386,6024.06,6031.06,Bolívia,Brasil,"('Bolívia', 'Brasil')"
386,6138.06,6144.06,Burkina Faso,Gabão,"('Burkina Faso', 'Gabão')"
386,7342.06,7348.06,Equador,Peru,"('Equador', 'Peru')"
386,7361.06,7365.06,Equador,Espanha,"('Equador', 'Espanha')"
386,8664.06,8673.06,Brasil,Rússia,"('Brasil', 'Rússia')"
386,9003.06,9028.06,Estados Unidos,Polônia,"('Estados Unidos', 'Polônia')"
386,9039.06,9057.06,Estados Unidos,Polônia,"('Estados Unidos', 'Polônia')"
386,9067.06,9077.06,Estados Unidos,Polônia,"('Estados Unidos', 'Polônia')"
386,9203.06,9224.06,Estados Unidos,Rússia,"('Estados Unidos', 'Rússia')"
386,9449.06,9476.06,China,Rússia,"('China', 'Rússia')"
386,9505.06,9511.06,China,Rússia,"('China', 'Rússia')"
386,9512.06,9529.06,China,Rússia,"('China', 'Rússia')"
386,9700.06,9716.06,Alemanha,Estados Unidos,"('Alemanha', 'Estados Unidos')"
386,9741.06,9761.06,Canadá,Estados Unidos,"('Canadá', 'Estados Unidos')"
386,9761.06,9777.06,China,Rússia,"('China', 'Rússia')"
386,9787.06,9795.06,Noruega,Rússia,"('Noruega', 'Rússia')"
386,9795.06,9806.06,Rússia,Índia,"('Rússia', 'Índia')"
386,9976.06,9985.06,China,Rússia,"('China', 'Rússia')"
386,9985.06,9992.06,China,Índia,"('China', 'Índia')"
386,10000.06,10004.06,China,Rússia,"('China', 'Rússia')"
386,10878.06,10887.06,Brasil,França,"('Brasil', 'França')"
386,11149.06,11157.06,Espanha,Portugal,"('Espanha', 'Portugal')"
386,11218.06,11222.06,Espanha,França,"('Espanha', 'França')"
386,11374.06,11381.06,República Democrática do Congo,Uganda,"('República Democrática do Congo', 'Uganda')"
386,11614.06,11622.06,Filipinas,Japão,"('Filipinas', 'Japão')"
386,11643.06,11648.06,Filipinas,Japão,"('Filipinas', 'Japão')"
387,895.32,900.72,Tanzânia,Uganda,"('Tanzânia', 'Uganda')"
387,1403.24,1410.24,Brasil,Rússia,"('Brasil', 'Rússia')"
387,1410.24,1417.24,Emirados Árabes Unidos,Rússia,"('Emirados Árabes Unidos', 'Rússia')"
387,1417.24,1420.24,Emirados Árabes Unidos,Rússia,"('Emirados Árabes Unidos', 'Rússia')"
387,1484.24,1490.24,Alemanha,Rússia,"('Alemanha', 'Rússia')"
387,1496.24,1505.24,Alemanha,Rússia,"('Alemanha', 'Rússia')"
387,1690.24,1698.24,Austrália,Rússia,"('Austrália', 'Rússia')"
387,1698.24,1709.24,Austrália,Rússia,"('Austrália', 'Rússia')"
387,1877.24,1884.24,China,Estados Unidos,"('China', 'Estados Unidos')"
387,1905.24,1912.24,China,Irã,"('China', 'Irã')"
387,2189.24,2203.24,Estados Unidos,Israel,"('Estados Unidos', 'Israel')"
387,2314.24,2321.24,França,Palestina,"('França', 'Palestina')"
387,2321.24,2328.24,França,Palestina,"('França', 'Palestina')"
387,2478.24,2494.24,China,Estados Unidos,"('China', 'Estados Unidos')"
387,2780.24,2801.24,Egito,Jordânia,"('Egito', 'Jordânia')"
387,2862.24,2882.24,Egito,Israel,"('Egito', 'Israel')"
387,3245.24,3264.24,França,Turquia,"('França', 'Turquia')"
387,3407.24,3419.24,Belize,Costa Rica,"('Belize', 'Costa Rica')"
387,3407.24,3419.24,Belize,Honduras,"('Belize', 'Honduras')"
387,3407.24,3419.24,Costa Rica,Honduras,"('Costa Rica', 'Honduras')"
387,3470.24,3482.24,Brasil,Costa Rica,"('Brasil', 'Costa Rica')"
387,4563.22,4571.26,Argentina,Brasil,"('Argentina', 'Brasil')"
387,4563.22,4571.26,Argentina,Colômbia,"('Argentina', 'Colômbia')"
387,4563.22,4571.26,Brasil,Colômbia,"('Brasil', 'Colômbia')"
387,4580.1,4588.82,Brasil,Colômbia,"('Brasil', 'Colômbia')"
387,4762.78,4770.06,Argentina,França,"('Argentina', 'França')"
387,5456.26,5465.14,Argentina,Brasil,"('Argentina', 'Brasil')"
387,6351.9,6353.1,Argentina,Brasil,"('Argentina', 'Brasil')"
387,6382.5,6383.9,Argentina,Brasil,"('Argentina', 'Brasil')"
387,6511.1,6518.58,Alemanha,Itália,"('Alemanha', 'Itália')"
387,6744.46,6749.46,Brasil,Uruguai,"('Brasil', 'Uruguai')"
387,6781.46,6787.46,Brasil,Uruguai,"('Brasil', 'Uruguai')"
387,7129.46,7133.46,Bolívia,Uruguai,"('Bolívia', 'Uruguai')"
387,7165.46,7172.46,Bolívia,Brasil,"('Bolívia', 'Brasil')"
387,7165.46,7172.46,Bolívia,Paraguai,"('Bolívia', 'Paraguai')"
387,7165.46,7172.46,Bolívia,Uruguai,"('Bolívia', 'Uruguai')"
387,7165.46,7172.46,Brasil,Paraguai,"('Brasil', 'Paraguai')"
387,7165.46,7172.46,Brasil,Uruguai,"('Brasil', 'Uruguai')"
387,7165.46,7172.46,Paraguai,Uruguai,"('Paraguai', 'Uruguai')"
387,7607.46,7613.46,Chile,Peru,"('Chile', 'Peru')"
387,7835.46,7840.46,Brasil,Chile,"('Brasil', 'Chile')"
387,8381.46,8391.46,Canadá,Estados Unidos,"('Canadá', 'Estados Unidos')"
387,8381.46,8391.46,Canadá,México,"('Canadá', 'México')"
387,8381.46,8391.46,Estados Unidos,México,"('Estados Unidos', 'México')"
387,9719.46,9723.46,Canadá,Estados Unidos,"('Canadá', 'Estados Unidos')"
387,11511.46,11516.46,Estados Unidos,Taiwan,"('Estados Unidos', 'Taiwan')"
387,11973.86,11978.7,China,Estados Unidos,"('China', 'Estados Unidos')"
387,12693.62,12699.22,Espanha,França,"('Espanha', 'França')"
387,12726.18,12733.78,Guiné,Guiné-Bissau,"('Guiné', 'Guiné-Bissau')"
387,12902.7,12909.22,Bangladesh,Paquistão,"('Bangladesh', 'Paquistão')"
387,14110.66,14118.58,Brasil,México,"('Brasil', 'México')"
387,14110.66,14118.58,Brasil,Vanuatu,"('Brasil', 'Vanuatu')"
387,14110.66,14118.58,México,Vanuatu,"('México', 'Vanuatu')"
387,14413.1,14418.58,Estados Unidos,México,"('Estados Unidos', 'México')"
387,14492.66,14499.66,Estados Unidos,México,"('Estados Unidos', 'México')"
387,14499.66,14506.66,Estados Unidos,México,"('Estados Unidos', 'México')"
387,14507.66,14512.66,Estados Unidos,México,"('Estados Unidos', 'México')"
387,14512.66,14518.66,Estados Unidos,México,"('Estados Unidos', 'México')"
387,14518.66,14524.66,Estados Unidos,México,"('Estados Unidos', 'México')"
387,14524.66,14528.66,Estados Unidos,México,"('Estados Unidos', 'México')"
388,475.0,483.0,Alemanha,Dinamarca,"('Alemanha', 'Dinamarca')"
388,689.0,699.0,Bangladesh,Paquistão,"('Bangladesh', 'Paquistão')"
388,955.0,965.0,Bangladesh,Emirados Árabes Unidos,"('Bangladesh', 'Emirados Árabes Unidos')"
388,1013.0,1025.0,Estados Unidos,Sudão,"('Estados Unidos', 'Sudão')"
388,1146.0,1159.0,Irã,Sudão,"('Irã', 'Sudão')"
388,1159.0,1172.0,Irã,Sudão,"('Irã', 'Sudão')"
388,1211.0,1230.0,Emirados Árabes Unidos,Sudão,"('Emirados Árabes Unidos', 'Sudão')"
388,1774.0,1791.0,Jordânia,Palestina,"('Jordânia', 'Palestina')"
388,1792.0,1811.0,Alemanha,China,"('Alemanha', 'China')"
388,1792.0,1811.0,Alemanha,Estados Unidos,"('Alemanha', 'Estados Unidos')"
388,1792.0,1811.0,Alemanha,Israel,"('Alemanha', 'Israel')"
388,1792.0,1811.0,Alemanha,Rússia,"('Alemanha', 'Rússia')"
388,1792.0,1811.0,China,Estados Unidos,"('China', 'Estados Unidos')"
388,1792.0,1811.0,China,Israel,"('China', 'Israel')"
388,1792.0,1811.0,China,Rússia,"('China', 'Rússia')"
388,1792.0,1811.0,Estados Unidos,Israel,"('Estados Unidos', 'Israel')"
388,1792.0,1811.0,Estados Unidos,Rússia,"('Estados Unidos', 'Rússia')"
388,1792.0,1811.0,Israel,Rússia,"('Israel', 'Rússia')"
388,2865.0,2874.0,China,Filipinas,"('China', 'Filipinas')"
388,3125.0,3133.0,Egito,Rússia,"('Egito', 'Rússia')"
388,3133.0,3142.0,China,Palestina,"('China', 'Palestina')"
388,3322.0,3324.0,Estados Unidos,Israel,"('Estados Unidos', 'Israel')"
388,3385.0,3389.0,Estados Unidos,Israel,"('Estados Unidos', 'Israel')"
388,4413.0,4422.0,Brasil,França,"('Brasil', 'França')"
388,10132.8,10137.8,Brasil,Guatemala,"('Brasil', 'Guatemala')"
388,10569.8,10576.8,Estados Unidos,Israel,"('Estados Unidos', 'Israel')"
388,10630.8,10636.8,Israel,Palestina,"('Israel', 'Palestina')"
388,10938.8,10943.8,Estados Unidos,Israel,"('Estados Unidos', 'Israel')"
388,11315.8,11322.8,China,Filipinas,"('China', 'Filipinas')"
388,11356.8,11361.8,Filipinas,Taiwan,"('Filipinas', 'Taiwan')"
388,12121.8,12127.8,Argentina,Brasil,"('Argentina', 'Brasil')"
388,12121.8,12127.8,Argentina,Rússia,"('Argentina', 'Rússia')"
388,12121.8,12127.8,Brasil,Rússia,"('Brasil', 'Rússia')"
388,12728.8,12733.8,Israel,Mali,"('Israel', 'Mali')"
388,12760.8,12767.8,Israel,Palestina,"('Israel', 'Palestina')"
388,13201.8,13203.8,Argentina,Chile,"('Argentina', 'Chile')"
388,13235.8,13238.8,Argentina,Chile,"('Argentina', 'Chile')"
388,13379.8,13383.8,China,Rússia,"('China', 'Rússia')"
388,14028.8,14034.8,França,Índia,"('França', 'Índia')"
388,14132.8,14136.8,França,Índia,"('França', 'Índia')"
388,14160.8,14163.8,Azerbaijão,Estados Unidos,"('Azerbaijão', 'Estados Unidos')"
388,14230.8,14233.8,Azerbaijão,Irã,"('Azerbaijão', 'Irã')"
388,14242.8,14248.8,Azerbaijão,Irã,"('Azerbaijão', 'Irã')"
389,242.2,247.32,China,Rússia,"('China', 'Rússia')"
389,292.2,298.76,China,Itália,"('China', 'Itália')"
389,750.36,755.88,Estados Unidos,Filipinas,"('Estados Unidos', 'Filipinas')"
389,920.84,935.72,Austrália,Japão,"('Austrália', 'Japão')"
389,1271.88,1282.84,Angola,República Democrática do Congo,"('Angola', 'República Democrática do Congo')"
389,1923.14,1929.14,Brasil,Israel,"('Brasil', 'Israel')"
389,2020.14,2028.14,Israel,Turquia,"('Israel', 'Turquia')"
389,2020.14,2028.14,Israel,Palestina,"('Israel', 'Palestina')"
389,2020.14,2028.14,Palestina,Turquia,"('Palestina', 'Turquia')"
389,2055.14,2064.14,Israel,Turquia,"('Israel', 'Turquia')"
389,2095.14,2107.14,Alemanha,Estados Unidos,"('Alemanha', 'Estados Unidos')"
389,2190.14,2200.14,Estados Unidos,Israel,"('Estados Unidos', 'Israel')"
389,2514.14,2543.14,Brasil,Estados Unidos,"('Brasil', 'Estados Unidos')"
389,2847.1,2875.1,Iraque,Turquia,"('Iraque', 'Turquia')"
389,2875.1,2903.1,Estados Unidos,Iraque,"('Estados Unidos', 'Iraque')"
389,2925.1,2954.1,Estados Unidos,Turquia,"('Estados Unidos', 'Turquia')"
389,3056.1,3077.1,Israel,Rússia,"('Israel', 'Rússia')"
389,3626.1,3644.1,Estados Unidos,Rússia,"('Estados Unidos', 'Rússia')"
389,3644.1,3662.1,China,Turquia,"('China', 'Turquia')"
389,4120.1,4147.1,Israel,Síria,"('Israel', 'Síria')"
389,4454.38,4460.34,Alemanha,Rússia,"('Alemanha', 'Rússia')"
389,4486.3,4491.02,Estados Unidos,Irã,"('Estados Unidos', 'Irã')"
389,4491.02,4497.38,Estados Unidos,Israel,"('Estados Unidos', 'Israel')"
389,4665.1,4672.54,Irã,Israel,"('Irã', 'Israel')"
389,4683.02,4690.02,Irã,Israel,"('Irã', 'Israel')"
389,5527.76,5534.72,França,Itália,"('França', 'Itália')"
389,5558.8,5563.84,França,Itália,"('França', 'Itália')"
389,5860.56,5869.52,Argentina,Brasil,"('Argentina', 'Brasil')"
389,5892.32,5899.76,Alemanha,França,"('Alemanha', 'França')"
389,5905.92,5912.0,Iraque,Israel,"('Iraque', 'Israel')"
389,5912.16,5920.0,Irlanda,Itália,"('Irlanda', 'Itália')"
389,5912.16,5920.0,Irlanda,Japão,"('Irlanda', 'Japão')"
389,5912.16,5920.0,Itália,Japão,"('Itália', 'Japão')"
389,5939.92,5945.36,Estados Unidos,Portugal,"('Estados Unidos', 'Portugal')"
389,6401.56,6409.32,França,Marrocos,"('França', 'Marrocos')"
389,6431.96,6437.96,Argentina,Marrocos,"('Argentina', 'Marrocos')"
389,6556.84,6564.28,Sudão,Sudão do Sul,"('Sudão', 'Sudão do Sul')"
389,6598.44,6606.04,Estados Unidos,Sudão,"('Estados Unidos', 'Sudão')"
389,6598.44,6606.04,Estados Unidos,Sudão do Sul,"('Estados Unidos', 'Sudão do Sul')"
389,6598.44,6606.04,Sudão,Sudão do Sul,"('Sudão', 'Sudão do Sul')"
389,7874.04,7881.04,Estados Unidos,França,"('Estados Unidos', 'França')"
389,7885.04,7891.04,China,Estados Unidos,"('China', 'Estados Unidos')"
389,7885.04,7891.04,China,França,"('China', 'França')"
389,7885.04,7891.04,Estados Unidos,França,"('Estados Unidos', 'França')"
389,7974.04,7981.04,Argentina,Bolívia,"('Argentina', 'Bolívia')"
389,8085.04,8097.04,China,Estados Unidos,"('China', 'Estados Unidos')"
389,8184.04,8193.04,Brasil,Japão,"('Brasil', 'Japão')"
389,8598.04,8612.04,Barbados,Brasil,"('Barbados', 'Brasil')"
389,8598.04,8612.04,Barbados,México,"('Barbados', 'México')"
389,8598.04,8612.04,Barbados,Noruega,"('Barbados', 'Noruega')"
389,8598.04,8612.04,Brasil,México,"('Brasil', 'México')"
389,8598.04,8612.04,Brasil,Noruega,"('Brasil', 'Noruega')"
389,8598.04,8612.04,México,Noruega,"('México', 'Noruega')"
389,8626.04,8636.04,Estados Unidos,Venezuela,"('Estados Unidos', 'Venezuela')"
389,8732.04,8739.04,Barbados,Venezuela,"('Barbados', 'Venezuela')"
389,8739.04,8747.04,Estados Unidos,Venezuela,"('Estados Unidos', 'Venezuela')"
389,8747.04,8758.04,Barbados,Estados Unidos,"('Barbados', 'Estados Unidos')"
389,8747.04,8758.04,Barbados,Venezuela,"('Barbados', 'Venezuela')"
389,8747.04,8758.04,Estados Unidos,Venezuela,"('Estados Unidos', 'Venezuela')"
389,9084.04,9091.04,Bolívia,México,"('Bolívia', 'México')"
389,10333.04,10338.04,Brasil,Colômbia,"('Brasil', 'Colômbia')"
389,10333.04,10338.04,Brasil,México,"('Brasil', 'México')"
389,10333.04,10338.04,Colômbia,México,"('Colômbia', 'México')"
389,10338.04,10343.04,Brasil,Chile,"('Brasil', 'Chile')"
389,10338.04,10343.04,Brasil,Colômbia,"('Brasil', 'Colômbia')"
389,10338.04,10343.04,Brasil,Estados Unidos,"('Brasil', 'Estados Unidos')"
389,10338.04,10343.04,Chile,Colômbia,"('Chile', 'Colômbia')"
389,10338.04,10343.04,Chile,Estados Unidos,"('Chile', 'Estados Unidos')"
389,10338.04,10343.04,Colômbia,Estados Unidos,"('Colômbia', 'Estados Unidos')"
389,10357.04,10365.04,Argentina,Panamá,"('Argentina', 'Panamá')"
389,10357.04,10365.04,Argentina,Peru,"('Argentina', 'Peru')"
389,10357.04,10365.04,Panamá,Peru,"('Panamá', 'Peru')"
389,10365.04,10370.04,Bolívia,Turquia,"('Bolívia', 'Turquia')"
389,10370.04,10373.04,China,Irã,"('China', 'Irã')"
389,10429.04,10435.04,Argentina,Chile,"('Argentina', 'Chile')"
389,10448.04,10452.04,Peru,Venezuela,"('Peru', 'Venezuela')"
389,10460.04,10462.04,Chile,Peru,"('Chile', 'Peru')"
389,10785.04,10788.04,Argentina,Chile,"('Argentina', 'Chile')"
389,10785.04,10788.04,Argentina,Costa Rica,"('Argentina', 'Costa Rica')"
389,10785.04,10788.04,Argentina,Peru,"('Argentina', 'Peru')"
389,10785.04,10788.04,Chile,Costa Rica,"('Chile', 'Costa Rica')"
389,10785.04,10788.04,Chile,Peru,"('Chile', 'Peru')"
389,10785.04,10788.04,Costa Rica,Peru,"('Costa Rica', 'Peru')"
389,10806.04,10810.04,Argentina,Brasil,"('Argentina', 'Brasil')"
389,10844.04,10849.04,Brasil,México,"('Brasil', 'México')"
389,10928.04,10931.04,Peru,Venezuela,"('Peru', 'Venezuela')"
389,10959.04,10962.04,Argentina,Venezuela,"('Argentina', 'Venezuela')"
389,10965.04,10967.04,Panamá,Venezuela,"('Panamá', 'Venezuela')"
389,10973.04,10975.04,Brasil,Colômbia,"('Brasil', 'Colômbia')"
389,10987.04,10991.04,Brasil,Colômbia,"('Brasil', 'Colômbia')"
389,11035.04,11038.04,Brasil,Colômbia,"('Brasil', 'Colômbia')"
389,11044.04,11048.04,China,Rússia,"('China', 'Rússia')"
389,11049.04,11051.04,Irã,Venezuela,"('Irã', 'Venezuela')"
389,11074.04,11076.04,China,Rússia,"('China', 'Rússia')"
389,11084.04,11087.04,China,Rússia,"('China', 'Rússia')"
389,11084.04,11087.04,China,Turquia,"('China', 'Turquia')"
389,11084.04,11087.04,Rússia,Turquia,"('Rússia', 'Turquia')"
389,11100.04,11103.04,Brasil,Colômbia,"('Brasil', 'Colômbia')"
389,11111.04,11117.04,China,Rússia,"('China', 'Rússia')"
389,11117.04,11120.04,Irã,Turquia,"('Irã', 'Turquia')"
389,11123.04,11127.04,Rússia,Venezuela,"('Rússia', 'Venezuela')"
389,11183.04,11186.04,Brasil,México,"('Brasil', 'México')"
389,11389.04,11391.04,Brasil,México,"('Brasil', 'México')"
389,11513.04,11516.04,Colômbia,Venezuela,"('Colômbia', 'Venezuela')"
389,11649.04,11655.04,Brasil,Colômbia,"('Brasil', 'Colômbia')"
389,11862.04,11865.04,Argentina,Peru,"('Argentina', 'Peru')"
389,13020.04,13023.04,Brasil,Espanha,"('Brasil', 'Espanha')"
389,13183.04,13186.04,Colômbia,Venezuela,"('Colômbia', 'Venezuela')"
389,14374.84,14379.84,China,Rússia,"('China', 'Rússia')"
389,14410.84,14415.84,Estados Unidos,Síria,"('Estados Unidos', 'Síria')"
389,14556.84,14564.84,Estados Unidos,Rússia,"('Estados Unidos', 'Rússia')"
389,14569.84,14573.84,Estados Unidos,Rússia,"('Estados Unidos', 'Rússia')"
389,14675.84,14683.84,Noruega,Polônia,"('Noruega', 'Polônia')"
390,165.0,170.0,Irã,Israel,"('Irã', 'Israel')"
390,1128.0,1134.0,China,Vanuatu,"('China', 'Vanuatu')"
390,1134.0,1139.0,China,Estados Unidos,"('China', 'Estados Unidos')"
390,2070.0,2075.0,China,Estados Unidos,"('China', 'Estados Unidos')"
390,2884.34,2888.34,China,Taiwan,"('China', 'Taiwan')"
390,3333.34,3337.34,Austrália,Estados Unidos,"('Austrália', 'Estados Unidos')"
390,3665.34,3669.34,Argentina,Chile,"('Argentina', 'Chile')"
390,4120.34,4125.34,Brasil,Filipinas,"('Brasil', 'Filipinas')"
390,4163.34,4166.34,Brasil,Filipinas,"('Brasil', 'Filipinas')"
390,5891.74,5897.18,Estados Unidos,México,"('Estados Unidos', 'México')"
390,6433.18,6442.7,Uruguai,Venezuela,"('Uruguai', 'Venezuela')"
390,6442.7,6453.26,Uruguai,Venezuela,"('Uruguai', 'Venezuela')"
390,6476.22,6485.74,Uruguai,Venezuela,"('Uruguai', 'Venezuela')"
390,6538.22,6547.9,Argentina,Brasil,"('Argentina', 'Brasil')"
390,6538.22,6547.9,Argentina,Venezuela,"('Argentina', 'Venezuela')"
390,6538.22,6547.9,Brasil,Venezuela,"('Brasil', 'Venezuela')"
390,6574.06,6580.06,Argentina,Brasil,"('Argentina', 'Brasil')"
390,6574.06,6580.06,Argentina,Venezuela,"('Argentina', 'Venezuela')"
390,6574.06,6580.06,Brasil,Venezuela,"('Brasil', 'Venezuela')"
390,6606.94,6615.74,Brasil,México,"('Brasil', 'México')"
390,6659.98,6666.54,Brasil,Estados Unidos,"('Brasil', 'Estados Unidos')"
390,6698.7,6706.86,Argentina,Venezuela,"('Argentina', 'Venezuela')"
390,7920.18,7929.94,Brasil,Chile,"('Brasil', 'Chile')"
390,7949.14,7961.54,Ucrânia,Venezuela,"('Ucrânia', 'Venezuela')"
390,7949.14,7961.54,Palestina,Ucrânia,"('Palestina', 'Ucrânia')"
390,7949.14,7961.54,Palestina,Venezuela,"('Palestina', 'Venezuela')"
390,7969.5,7978.02,Brasil,Colômbia,"('Brasil', 'Colômbia')"
390,7969.5,7978.02,Brasil,México,"('Brasil', 'México')"
390,7969.5,7978.02,Colômbia,México,"('Colômbia', 'México')"
390,7997.18,8005.02,Colômbia,Venezuela,"('Colômbia', 'Venezuela')"
390,8085.66,8095.66,Bolívia,Chile,"('Bolívia', 'Chile')"
390,8574.66,8592.66,Bolívia,Peru,"('Bolívia', 'Peru')"
390,8896.66,8904.66,Colômbia,Peru,"('Colômbia', 'Peru')"
390,9107.66,9116.66,Brasil,Venezuela,"('Brasil', 'Venezuela')"
390,9349.66,9357.66,Brasil,Venezuela,"('Brasil', 'Venezuela')"
390,9506.66,9517.66,Estados Unidos,México,"('Estados Unidos', 'México')"
390,9671.66,9682.66,Alemanha,Chile,"('Alemanha', 'Chile')"
390,9707.66,9712.66,Alemanha,Chile,"('Alemanha', 'Chile')"
390,9921.66,9928.66,Paquistão,Índia,"('Paquistão', 'Índia')"
390,10024.66,10031.66,Bangladesh,Índia,"('Bangladesh', 'Índia')"
390,10031.66,10036.66,Paquistão,Índia,"('Paquistão', 'Índia')"
390,10036.66,10042.66,Paquistão,Índia,"('Paquistão', 'Índia')"
390,10042.66,10046.66,Paquistão,Índia,"('Paquistão', 'Índia')"
390,10046.66,10050.66,Bangladesh,Índia,"('Bangladesh', 'Índia')"
390,10189.66,10193.66,China,Índia,"('China', 'Índia')"
390,10716.66,10719.66,China,Paquistão,"('China', 'Paquistão')"
390,10773.66,10777.66,Bangladesh,Maldivas,"('Bangladesh', 'Maldivas')"
390,10773.66,10777.66,Bangladesh,Paquistão,"('Bangladesh', 'Paquistão')"
390,10773.66,10777.66,Maldivas,Paquistão,"('Maldivas', 'Paquistão')"
390,10815.66,10820.66,China,Paquistão,"('China', 'Paquistão')"
390,10976.66,10981.66,China,Índia,"('China', 'Índia')"
390,11059.66,11062.66,Bangladesh,China,"('Bangladesh', 'China')"
390,11513.66,11516.66,Bangladesh,Índia,"('Bangladesh', 'Índia')"
390,11842.66,11845.66,China,Estados Unidos,"('China', 'Estados Unidos')"
390,12542.66,12544.66,Azerbaijão,Israel,"('Azerbaijão', 'Israel')"
390,12617.66,12622.66,Irã,Israel,"('Irã', 'Israel')"
390,14170.18,14176.18,Estados Unidos,Israel,"('Estados Unidos', 'Israel')"
390,14607.18,14610.18,Israel,Japão,"('Israel', 'Japão')"
390,14664.18,14667.18,Estados Unidos,Japão,"('Estados Unidos', 'Japão')"
390,14715.18,14718.18,Israel,Rússia,"('Israel', 'Rússia')"
391,176.0,180.0,Mali,Suécia,"('Mali', 'Suécia')"
391,462.0,475.0,Bangladesh,Emirados Árabes Unidos,"('Bangladesh', 'Emirados Árabes Unidos')"
391,475.0,488.0,Bangladesh,Emirados Árabes Unidos,"('Bangladesh', 'Emirados Árabes Unidos')"
391,596.0,610.0,Brasil,Indonésia,"('Brasil', 'Indonésia')"
391,1024.0,1033.0,China,Estados Unidos,"('China', 'Estados Unidos')"
391,2603.0,2611.0,Estados Unidos,Palestina,"('Estados Unidos', 'Palestina')"
391,2635.0,2641.0,Estados Unidos,Palestina,"('Estados Unidos', 'Palestina')"
391,3560.0,3565.0,Estados Unidos,Israel,"('Estados Unidos', 'Israel')"
391,6296.0,6298.0,Itália,Polônia,"('Itália', 'Polônia')"
391,6308.0,6312.0,China,Estados Unidos,"('China', 'Estados Unidos')"
391,6429.78,6439.46,Belize,Dominica,"('Belize', 'Dominica')"
391,6429.78,6439.46,Belize,Samoa,"('Belize', 'Samoa')"
391,6429.78,6439.46,Dominica,Samoa,"('Dominica', 'Samoa')"
391,6439.46,6448.9,Kiribati,Kosovo,"('Kiribati', 'Kosovo')"
391,6439.46,6448.9,Kiribati,Palau,"('Kiribati', 'Palau')"
391,6439.46,6448.9,Kiribati,Sudão,"('Kiribati', 'Sudão')"
391,6439.46,6448.9,Kiribati,Sudão do Sul,"('Kiribati', 'Sudão do Sul')"
391,6439.46,6448.9,Kiribati,Tuvalu,"('Kiribati', 'Tuvalu')"
391,6439.46,6448.9,Kosovo,Palau,"('Kosovo', 'Palau')"
391,6439.46,6448.9,Kosovo,Sudão,"('Kosovo', 'Sudão')"
391,6439.46,6448.9,Kosovo,Sudão do Sul,"('Kosovo', 'Sudão do Sul')"
391,6439.46,6448.9,Kosovo,Tuvalu,"('Kosovo', 'Tuvalu')"
391,6439.46,6448.9,Palau,Sudão,"('Palau', 'Sudão')"
391,6439.46,6448.9,Palau,Sudão do Sul,"('Palau', 'Sudão do Sul')"
391,6439.46,6448.9,Palau,Tuvalu,"('Palau', 'Tuvalu')"
391,6439.46,6448.9,Sudão,Sudão do Sul,"('Sudão', 'Sudão do Sul')"
391,6439.46,6448.9,Sudão,Tuvalu,"('Sudão', 'Tuvalu')"
391,6439.46,6448.9,Sudão do Sul,Tuvalu,"('Sudão do Sul', 'Tuvalu')"
391,6518.5,6526.5,Brasil,China,"('Brasil', 'China')"
391,6526.5,6533.5,Estados Unidos,França,"('Estados Unidos', 'França')"
391,7491.5,7495.5,Canadá,Estados Unidos,"('Canadá', 'Estados Unidos')"
391,7495.5,7500.5,Canadá,Estados Unidos,"('Canadá', 'Estados Unidos')"
391,7669.5,7672.5,Polônia,Romênia,"('Polônia', 'Romênia')"
391,7724.5,7730.5,Rússia,Turquia,"('Rússia', 'Turquia')"
391,8008.5,8013.5,Rússia,Índia,"('Rússia', 'Índia')"
391,9438.5,9446.5,China,Japão,"('China', 'Japão')"
391,9453.5,9461.5,China,Japão,"('China', 'Japão')"
391,10174.5,10177.5,Brasil,México,"('Brasil', 'México')"
391,10301.5,10303.5,Argentina,Chile,"('Argentina', 'Chile')"
391,10301.5,10303.5,Argentina,Equador,"('Argentina', 'Equador')"
391,10301.5,10303.5,Chile,Equador,"('Chile', 'Equador')"
391,10303.5,10306.5,Guatemala,Panamá,"('Guatemala', 'Panamá')"
391,10303.5,10306.5,Guatemala,Paraguai,"('Guatemala', 'Paraguai')"
391,10303.5,10306.5,Panamá,Paraguai,"('Panamá', 'Paraguai')"
391,10892.5,10894.5,Brasil,Colômbia,"('Brasil', 'Colômbia')"
391,11928.5,11932.5,Bolívia,Chile,"('Bolívia', 'Chile')"
391,13324.5,13327.5,China,Uruguai,"('China', 'Uruguai')"
391,13784.5,13787.5,China,Japão,"('China', 'Japão')"
391,13795.5,13800.5,China,Taiwan,"('China', 'Taiwan')"
391,13918.5,13924.5,China,Rússia,"('China', 'Rússia')"
391,14391.5,14395.5,Espanha,Estados Unidos,"('Espanha', 'Estados Unidos')"
391,14486.5,14490.5,Brasil,Uruguai,"('Brasil', 'Uruguai')"
391,14731.5,14735.5,Turquia,Ucrânia,"('Turquia', 'Ucrânia')"
392,570.0,587.0,Paquistão,Índia,"('Paquistão', 'Índia')"
392,626.0,651.0,Paquistão,Índia,"('Paquistão', 'Índia')"
392,732.0,755.0,China,Paquistão,"('China', 'Paquistão')"
392,819.0,832.0,Rússia,Turquia,"('Rússia', 'Turquia')"
392,1082.0,1095.0,Emirados Árabes Unidos,Estados Unidos,"('Emirados Árabes Unidos', 'Estados Unidos')"
392,1122.0,1137.0,Egito,Somália,"('Egito', 'Somália')"
392,1162.0,1172.0,Egito,Somália,"('Egito', 'Somália')"
392,1199.0,1224.0,Egito,Etiópia,"('Egito', 'Etiópia')"
392,1199.0,1224.0,Egito,Somália,"('Egito', 'Somália')"
392,1199.0,1224.0,Etiópia,Somália,"('Etiópia', 'Somália')"
392,1239.0,1252.0,Egito,Etiópia,"('Egito', 'Etiópia')"
392,1239.0,1252.0,Egito,Somália,"('Egito', 'Somália')"
392,1239.0,1252.0,Etiópia,Somália,"('Etiópia', 'Somália')"
392,1252.0,1268.0,Egito,Etiópia,"('Egito', 'Etiópia')"
392,1252.0,1268.0,Egito,Turquia,"('Egito', 'Turquia')"
392,1252.0,1268.0,Etiópia,Turquia,"('Etiópia', 'Turquia')"
392,1323.0,1344.0,Brasil,Tonga,"('Brasil', 'Tonga')"
392,1402.0,1431.96,Bolívia,Brasil,"('Bolívia', 'Brasil')"
392,1432.0,1452.96,Brasil,Nova Zelândia,"('Brasil', 'Nova Zelândia')"
392,1432.0,1452.96,Brasil,Tonga,"('Brasil', 'Tonga')"
392,1432.0,1452.96,Nova Zelândia,Tonga,"('Nova Zelândia', 'Tonga')"
392,1538.32,1547.56,Austrália,China,"('Austrália', 'China')"
392,1574.04,1589.32,China,Vanuatu,"('China', 'Vanuatu')"
392,1611.08,1623.36,Austrália,China,"('Austrália', 'China')"
392,1709.96,1720.48,Bangladesh,Uruguai,"('Bangladesh', 'Uruguai')"
392,1949.08,1956.64,China,Kiribati,"('China', 'Kiribati')"
392,1956.64,1962.4,Estados Unidos,Kiribati,"('Estados Unidos', 'Kiribati')"
392,3457.44,3462.44,Brasil,Venezuela,"('Brasil', 'Venezuela')"
392,3583.44,3589.44,Brasil,Colômbia,"('Brasil', 'Colômbia')"
392,3583.44,3589.44,Brasil,Venezuela,"('Brasil', 'Venezuela')"
392,3583.44,3589.44,Colômbia,Venezuela,"('Colômbia', 'Venezuela')"
392,4450.04,4452.28,Brasil,Índia,"('Brasil', 'Índia')"
392,4458.36,4465.6,Brasil,Índia,"('Brasil', 'Índia')"
392,4488.92,4492.52,Brasil,Índia,"('Brasil', 'Índia')"
392,5312.52,5315.52,Argentina,Bolívia,"('Argentina', 'Bolívia')"
392,5832.52,5838.52,Canadá,Estados Unidos,"('Canadá', 'Estados Unidos')"
392,5888.52,5894.52,Estados Unidos,México,"('Estados Unidos', 'México')"
392,6454.52,6461.52,Brasil,Estados Unidos,"('Brasil', 'Estados Unidos')"
392,6461.52,6467.52,Brasil,Estados Unidos,"('Brasil', 'Estados Unidos')"
392,7225.82,7229.12,França,Rússia,"('França', 'Rússia')"
392,8147.12,8150.12,China,Índia,"('China', 'Índia')"
392,8215.12,8217.12,Rússia,Índia,"('Rússia', 'Índia')"
392,10035.16,10044.16,Bangladesh,Índia,"('Bangladesh', 'Índia')"
392,10067.16,10077.16,Bangladesh,Índia,"('Bangladesh', 'Índia')"
392,10555.16,10566.16,Estados Unidos,Israel,"('Estados Unidos', 'Israel')"
392,10595.16,10600.16,China,Estados Unidos,"('China', 'Estados Unidos')"
392,10595.16,10600.16,China,Rússia,"('China', 'Rússia')"
392,10595.16,10600.16,Estados Unidos,Rússia,"('Estados Unidos', 'Rússia')"
392,10661.16,10669.16,Estados Unidos,Israel,"('Estados Unidos', 'Israel')"
393,886.2,894.2,Estados Unidos,Turquia,"('Estados Unidos', 'Turquia')"
393,5044.2,5048.2,Guiné,Guiné-Bissau,"('Guiné', 'Guiné-Bissau')"
393,5054.2,5056.2,Guiné,Guiné-Bissau,"('Guiné', 'Guiné-Bissau')"
393,5083.2,5086.2,Cabo Verde,Guiné,"('Cabo Verde', 'Guiné')"
393,5267.2,5269.2,Kiribati,Tonga,"('Kiribati', 'Tonga')"
393,5306.2,5308.2,Kiribati,Tonga,"('Kiribati', 'Tonga')"
393,5532.2,5538.2,Maurício,Nepal,"('Maurício', 'Nepal')"
393,6625.2,6629.2,Guiné,Guiné-Bissau,"('Guiné', 'Guiné-Bissau')"
393,6861.2,6866.2,Estados Unidos,Israel,"('Estados Unidos', 'Israel')"
393,7060.2,7066.2,Afeganistão,Alemanha,"('Afeganistão', 'Alemanha')"
393,7703.2,7712.2,Estados Unidos,Kosovo,"('Estados Unidos', 'Kosovo')"
393,8094.2,8096.2,China,Rússia,"('China', 'Rússia')"
393,8160.2,8162.2,China,Rússia,"('China', 'Rússia')"
393,8283.2,8287.2,China,Israel,"('China', 'Israel')"
393,8283.2,8287.2,China,Turquia,"('China', 'Turquia')"
393,8283.2,8287.2,Israel,Turquia,"('Israel', 'Turquia')"
393,8429.2,8432.2,Estados Unidos,Rússia,"('Estados Unidos', 'Rússia')"
393,8469.2,8471.2,Afeganistão,Estados Unidos,"('Afeganistão', 'Estados Unidos')"
393,9092.2,9096.2,China,Rússia,"('China', 'Rússia')"
393,9374.2,9377.2,Brasil,Turquia,"('Brasil', 'Turquia')"
393,9395.2,9399.2,Brasil,Panamá,"('Brasil', 'Panamá')"
393,10220.2,10227.2,Bolívia,Brasil,"('Bolívia', 'Brasil')"
393,10318.2,10326.2,Palestina,Uruguai,"('Palestina', 'Uruguai')"
393,10347.2,10353.2,Palestina,Uruguai,"('Palestina', 'Uruguai')"
393,10662.2,10665.2,Argentina,Brasil,"('Argentina', 'Brasil')"
393,11446.2,11449.2,Argentina,Bolívia,"('Argentina', 'Bolívia')"
393,11464.2,11469.2,Argentina,Brasil,"('Argentina', 'Brasil')"
393,12758.2,12761.2,Canadá,Estados Unidos,"('Canadá', 'Estados Unidos')"
393,14072.2,14074.2,Afeganistão,Estados Unidos,"('Afeganistão', 'Estados Unidos')"
393,14297.2,14300.2,Egito,Turquia,"('Egito', 'Turquia')"
393,14362.2,14364.2,Egito,Turquia,"('Egito', 'Turquia')"
393,15130.2,15133.2,Alemanha,Brasil,"('Alemanha', 'Brasil')"
393,15130.2,15133.2,Alemanha,Israel,"('Alemanha', 'Israel')"
393,15130.2,15133.2,Brasil,Israel,"('Brasil', 'Israel')"
393,15393.2,15397.2,Brasil,Uruguai,"('Brasil', 'Uruguai')"
394,446.0,457.0,Israel,Síria,"('Israel', 'Síria')"
394,751.0,760.0,Egito,Sudão,"('Egito', 'Sudão')"
394,751.0,760.0,Egito,Sudão do Sul,"('Egito', 'Sudão do Sul')"
394,751.0,760.0,Sudão,Sudão do Sul,"('Sudão', 'Sudão do Sul')"
394,760.0,775.0,Egito,Sudão,"('Egito', 'Sudão')"
394,1039.0,1054.0,China,Estados Unidos,"('China', 'Estados Unidos')"
394,1054.0,1068.0,China,Estados Unidos,"('China', 'Estados Unidos')"
394,1068.0,1079.0,Brasil,Itália,"('Brasil', 'Itália')"
394,1093.0,1101.0,Maurício,Nepal,"('Maurício', 'Nepal')"
394,1586.0,1607.0,Alemanha,Noruega,"('Alemanha', 'Noruega')"
394,1641.0,1657.0,Polônia,Suíça,"('Polônia', 'Suíça')"
394,1959.0,1965.0,Albânia,Polônia,"('Albânia', 'Polônia')"
394,2024.0,2030.0,Albânia,Suíça,"('Albânia', 'Suíça')"
394,2030.0,2037.0,Afeganistão,Suíça,"('Afeganistão', 'Suíça')"
394,2294.0,2302.0,Bélgica,Israel,"('Bélgica', 'Israel')"
394,2346.0,2354.0,Israel,Itália,"('Israel', 'Itália')"
394,2374.0,2380.0,Hungria,Israel,"('Hungria', 'Israel')"
394,2820.0,2827.0,Rússia,Ucrânia,"('Rússia', 'Ucrânia')"
394,3448.0,3453.0,Belize,Guatemala,"('Belize', 'Guatemala')"
394,3448.0,3453.0,Belize,Honduras,"('Belize', 'Honduras')"
394,3448.0,3453.0,Guatemala,Honduras,"('Guatemala', 'Honduras')"
394,4600.0,4603.0,Estados Unidos,Venezuela,"('Estados Unidos', 'Venezuela')"
394,4755.0,4759.0,Rússia,Ucrânia,"('Rússia', 'Ucrânia')"
394,5260.0,5265.0,Afeganistão,Estados Unidos,"('Afeganistão', 'Estados Unidos')"
394,5321.0,5330.0,Alemanha,Índia,"('Alemanha', 'Índia')"
394,5321.0,5330.0,Alemanha,Japão,"('Alemanha', 'Japão')"
394,5321.0,5330.0,Japão,Índia,"('Japão', 'Índia')"
394,5376.0,5382.0,Estados Unidos,Índia,"('Estados Unidos', 'Índia')"
394,5458.52,5463.52,Egito,África do Sul,"('Egito', 'África do Sul')"
394,5469.52,5475.52,Marrocos,Senegal,"('Marrocos', 'Senegal')"
394,5475.52,5480.52,Egito,Marrocos,"('Egito', 'Marrocos')"
394,5648.52,5655.52,Estados Unidos,Israel,"('Estados Unidos', 'Israel')"
394,5719.52,5727.52,Estados Unidos,Israel,"('Estados Unidos', 'Israel')"
394,5858.52,5866.52,Estados Unidos,Israel,"('Estados Unidos', 'Israel')"
394,5867.52,5878.52,Canadá,Estados Unidos,"('Canadá', 'Estados Unidos')"
394,5894.52,5905.52,Canadá,China,"('Canadá', 'China')"
394,6665.34,6671.34,Brasil,Uruguai,"('Brasil', 'Uruguai')"
394,6789.34,6796.34,Afeganistão,Austrália,"('Afeganistão', 'Austrália')"
394,7861.34,7865.34,Japão,Peru,"('Japão', 'Peru')"
394,7889.34,7892.34,Brasil,Peru,"('Brasil', 'Peru')"
394,8270.34,8273.34,Brasil,Estados Unidos,"('Brasil', 'Estados Unidos')"
394,9605.34,9611.34,Peru,Uruguai,"('Peru', 'Uruguai')"
394,9605.34,9611.34,Peru,Venezuela,"('Peru', 'Venezuela')"
394,9605.34,9611.34,Uruguai,Venezuela,"('Uruguai', 'Venezuela')"
394,9807.34,9812.34,China,Estados Unidos,"('China', 'Estados Unidos')"
394,9878.34,9883.34,China,Estados Unidos,"('China', 'Estados Unidos')"
394,9883.34,9887.34,Argentina,África do Sul,"('Argentina', 'África do Sul')"
394,9883.34,9887.34,Argentina,México,"('Argentina', 'México')"
394,9883.34,9887.34,México,África do Sul,"('México', 'África do Sul')"
394,9887.34,9894.34,França,México,"('França', 'México')"
394,9903.34,9911.34,Brasil,Espanha,"('Brasil', 'Espanha')"
394,9991.34,9999.34,Burkina Faso,Canadá,"('Burkina Faso', 'Canadá')"
394,9991.34,9999.34,Burkina Faso,Gabão,"('Burkina Faso', 'Gabão')"
394,9991.34,9999.34,Canadá,Gabão,"('Canadá', 'Gabão')"
394,9999.34,10008.34,Brasil,Venezuela,"('Brasil', 'Venezuela')"
394,10108.34,10127.34,Brasil,Venezuela,"('Brasil', 'Venezuela')"
394,10137.34,10154.34,Brasil,Venezuela,"('Brasil', 'Venezuela')"
394,10181.34,10191.34,Brasil,Venezuela,"('Brasil', 'Venezuela')"
394,10216.34,10234.34,Rússia,Venezuela,"('Rússia', 'Venezuela')"
394,10259.34,10269.34,Argentina,Brasil,"('Argentina', 'Brasil')"
394,10556.36,10569.36,Estados Unidos,Venezuela,"('Estados Unidos', 'Venezuela')"
394,10620.36,10630.36,Espanha,Venezuela,"('Espanha', 'Venezuela')"
394,10630.36,10649.36,Bolívia,Peru,"('Bolívia', 'Peru')"
394,10630.36,10649.36,Bolívia,Venezuela,"('Bolívia', 'Venezuela')"
394,10630.36,10649.36,Peru,Venezuela,"('Peru', 'Venezuela')"
394,10792.36,10806.36,Argentina,Canadá,"('Argentina', 'Canadá')"
394,10792.36,10806.36,Argentina,Chile,"('Argentina', 'Chile')"
394,10792.36,10806.36,Argentina,Costa Rica,"('Argentina', 'Costa Rica')"
394,10792.36,10806.36,Argentina,Equador,"('Argentina', 'Equador')"
394,10792.36,10806.36,Argentina,Paraguai,"('Argentina', 'Paraguai')"
394,10792.36,10806.36,Argentina,Peru,"('Argentina', 'Peru')"
394,10792.36,10806.36,Canadá,Chile,"('Canadá', 'Chile')"
394,10792.36,10806.36,Canadá,Costa Rica,"('Canadá', 'Costa Rica')"
394,10792.36,10806.36,Canadá,Equador,"('Canadá', 'Equador')"
394,10792.36,10806.36,Canadá,Paraguai,"('Canadá', 'Paraguai')"
394,10792.36,10806.36,Canadá,Peru,"('Canadá', 'Peru')"
394,10792.36,10806.36,Chile,Costa Rica,"('Chile', 'Costa Rica')"
394,10792.36,10806.36,Chile,Equador,"('Chile', 'Equador')"
394,10792.36,10806.36,Chile,Paraguai,"('Chile', 'Paraguai')"
394,10792.36,10806.36,Chile,Peru,"('Chile', 'Peru')"
394,10792.36,10806.36,Costa Rica,Equador,"('Costa Rica', 'Equador')"
394,10792.36,10806.36,Costa Rica,Paraguai,"('Costa Rica', 'Paraguai')"
394,10792.36,10806.36,Costa Rica,Peru,"('Costa Rica', 'Peru')"
394,10792.36,10806.36,Equador,Paraguai,"('Equador', 'Paraguai')"
394,10792.36,10806.36,Equador,Peru,"('Equador', 'Peru')"
394,10792.36,10806.36,Paraguai,Peru,"('Paraguai', 'Peru')"
394,10840.36,10869.36,Estados Unidos,Guatemala,"('Estados Unidos', 'Guatemala')"
394,10976.36,10990.36,El Salvador,Honduras,"('El Salvador', 'Honduras')"
394,11281.36,11295.36,Argentina,Venezuela,"('Argentina', 'Venezuela')"
395,612.0,617.0,Sudão,Sudão do Sul,"('Sudão', 'Sudão do Sul')"
395,623.0,627.0,Sudão,Sudão do Sul,"('Sudão', 'Sudão do Sul')"
395,652.0,655.0,Sudão,Sudão do Sul,"('Sudão', 'Sudão do Sul')"
395,964.0,972.0,Portugal,Índia,"('Portugal', 'Índia')"
395,998.0,1001.0,Israel,Portugal,"('Israel', 'Portugal')"
395,2463.0,2468.0,Irã,Israel,"('Irã', 'Israel')"
395,2840.0,2844.0,Israel,Síria,"('Israel', 'Síria')"
395,3214.0,3217.0,Estados Unidos,Paraguai,"('Estados Unidos', 'Paraguai')"
395,3214.0,3217.0,Estados Unidos,Tonga,"('Estados Unidos', 'Tonga')"
395,3214.0,3217.0,Estados Unidos,Tuvalu,"('Estados Unidos', 'Tuvalu')"
395,3214.0,3217.0,Paraguai,Tonga,"('Paraguai', 'Tonga')"
395,3214.0,3217.0,Paraguai,Tuvalu,"('Paraguai', 'Tuvalu')"
395,3214.0,3217.0,Tonga,Tuvalu,"('Tonga', 'Tuvalu')"
395,3335.0,3340.0,Brasil,França,"('Brasil', 'França')"
395,3357.0,3363.0,China,França,"('China', 'França')"
395,3357.0,3363.0,China,Rússia,"('China', 'Rússia')"
395,3357.0,3363.0,França,Rússia,"('França', 'Rússia')"
395,3650.0,3656.0,Israel,Jordânia,"('Israel', 'Jordânia')"
395,3785.0,3791.0,Irã,Índia,"('Irã', 'Índia')"
395,3791.0,3796.0,Irã,Índia,"('Irã', 'Índia')"
395,3798.0,3802.0,Irã,Índia,"('Irã', 'Índia')"
395,4224.0,4234.0,Brasil,Indonésia,"('Brasil', 'Indonésia')"
395,4764.0,4776.0,Espanha,Venezuela,"('Espanha', 'Venezuela')"
395,4810.0,4819.0,Espanha,Venezuela,"('Espanha', 'Venezuela')"
395,5563.0,5582.0,Brasil,China,"('Brasil', 'China')"
395,5618.0,5635.0,Brasil,Rússia,"('Brasil', 'Rússia')"
395,5645.0,5655.0,Brasil,China,"('Brasil', 'China')"
395,5789.0,5804.0,Bolívia,Brasil,"('Bolívia', 'Brasil')"
395,6073.0,6092.0,Bolívia,Chile,"('Bolívia', 'Chile')"
395,6382.0,6394.0,Chile,Costa Rica,"('Chile', 'Costa Rica')"
395,6449.0,6469.0,Chile,Peru,"('Chile', 'Peru')"
395,6496.0,6506.0,Bolívia,Brasil,"('Bolívia', 'Brasil')"
395,6496.0,6506.0,Bolívia,Colômbia,"('Bolívia', 'Colômbia')"
395,6496.0,6506.0,Brasil,Colômbia,"('Brasil', 'Colômbia')"
395,8727.0,8740.0,Estados Unidos,Ucrânia,"('Estados Unidos', 'Ucrânia')"
395,8952.0,8958.0,Afeganistão,Estados Unidos,"('Afeganistão', 'Estados Unidos')"
395,9919.0,9932.0,Angola,Polônia,"('Angola', 'Polônia')"
395,10094.0,10107.0,Itália,Polônia,"('Itália', 'Polônia')"
395,10140.0,10148.0,Alemanha,Polônia,"('Alemanha', 'Polônia')"
395,10292.0,10303.0,Itália,Suíça,"('Itália', 'Suíça')"
395,10723.0,10736.0,França,Portugal,"('França', 'Portugal')"
395,10765.0,10776.0,Espanha,Itália,"('Espanha', 'Itália')"
395,10765.0,10776.0,Espanha,Marrocos,"('Espanha', 'Marrocos')"
395,10765.0,10776.0,Espanha,Portugal,"('Espanha', 'Portugal')"
395,10765.0,10776.0,Itália,Marrocos,"('Itália', 'Marrocos')"
395,10765.0,10776.0,Itália,Portugal,"('Itália', 'Portugal')"
395,10765.0,10776.0,Marrocos,Portugal,"('Marrocos', 'Portugal')"
395,10823.0,10835.0,Alemanha,França,"('Alemanha', 'França')"
395,11329.0,11337.0,Brasil,Estados Unidos,"('Brasil', 'Estados Unidos')"
395,11346.0,11357.0,Brasil,Estados Unidos,"('Brasil', 'Estados Unidos')"
395,11418.0,11445.0,Brasil,Estados Unidos,"('Brasil', 'Estados Unidos')"
395,11596.62,11602.5,Brasil,Estados Unidos,"('Brasil', 'Estados Unidos')"
395,11719.62,11726.22,Estados Unidos,México,"('Estados Unidos', 'México')"
395,11863.42,11871.42,Estados Unidos,Japão,"('Estados Unidos', 'Japão')"
395,11949.42,11961.42,China,Estados Unidos,"('China', 'Estados Unidos')"
395,11972.42,11983.42,China,Estados Unidos,"('China', 'Estados Unidos')"
395,12565.42,12570.42,China,Japão,"('China', 'Japão')"
395,12588.42,12593.42,China,Japão,"('China', 'Japão')"
395,13373.42,13378.42,Alemanha,Brasil,"('Alemanha', 'Brasil')"
396,1358.0,1361.0,Brasil,China,"('Brasil', 'China')"
396,1404.0,1409.0,Irã,Israel,"('Irã', 'Israel')"
396,1576.0,1580.0,Austrália,França,"('Austrália', 'França')"
396,2244.0,2251.0,Estados Unidos,México,"('Estados Unidos', 'México')"
396,4547.66,4549.66,Argentina,Estados Unidos,"('Argentina', 'Estados Unidos')"
396,4561.66,4563.66,Brasil,Colômbia,"('Brasil', 'Colômbia')"
396,5448.66,5453.66,Brasil,Japão,"('Brasil', 'Japão')"
396,5491.66,5494.66,Alemanha,Brasil,"('Alemanha', 'Brasil')"
396,5491.66,5494.66,Alemanha,Japão,"('Alemanha', 'Japão')"
396,5491.66,5494.66,Brasil,Japão,"('Brasil', 'Japão')"
396,5564.66,5568.66,Alemanha,Japão,"('Alemanha', 'Japão')"
396,5621.66,5624.66,Argentina,Colômbia,"('Argentina', 'Colômbia')"
396,5621.66,5624.66,Argentina,México,"('Argentina', 'México')"
396,5621.66,5624.66,Colômbia,México,"('Colômbia', 'México')"
396,5725.66,5728.66,Brasil,China,"('Brasil', 'China')"
396,5876.66,5879.66,França,Rússia,"('França', 'Rússia')"
396,5912.66,5914.66,China,Estados Unidos,"('China', 'Estados Unidos')"
396,5917.66,5919.66,Japão,Rússia,"('Japão', 'Rússia')"
396,6005.66,6008.66,China,Rússia,"('China', 'Rússia')"
396,6345.66,6349.66,Brasil,Índia,"('Brasil', 'Índia')"
396,6345.66,6349.66,Brasil,Japão,"('Brasil', 'Japão')"
396,6345.66,6349.66,Japão,Índia,"('Japão', 'Índia')"
396,6389.66,6392.66,Brasil,Japão,"('Brasil', 'Japão')"
396,6501.66,6504.66,Brasil,China,"('Brasil', 'China')"
396,6776.66,6779.66,China,Estados Unidos,"('China', 'Estados Unidos')"
396,7883.66,7886.66,Rússia,Síria,"('Rússia', 'Síria')"
396,7897.66,7902.66,Brasil,Síria,"('Brasil', 'Síria')"
396,7996.66,8004.66,Estados Unidos,Rússia,"('Estados Unidos', 'Rússia')"
396,8166.66,8172.66,Austrália,Estados Unidos,"('Austrália', 'Estados Unidos')"
396,8166.66,8172.66,Austrália,Japão,"('Austrália', 'Japão')"
396,8166.66,8172.66,Estados Unidos,Japão,"('Estados Unidos', 'Japão')"
396,9625.66,9628.66,Estados Unidos,Japão,"('Estados Unidos', 'Japão')"
396,9824.66,9827.66,Egito,Etiópia,"('Egito', 'Etiópia')"
397,322.0,330.0,Guiné,Uganda,"('Guiné', 'Uganda')"
397,4103.0,4129.0,Alemanha,Rússia,"('Alemanha', 'Rússia')"
397,4158.0,4171.0,Alemanha,Rússia,"('Alemanha', 'Rússia')"
397,4485.36,4489.88,China,Rússia,"('China', 'Rússia')"
397,4713.26,4718.26,Alemanha,Brasil,"('Alemanha', 'Brasil')"
397,5502.26,5515.26,Estados Unidos,México,"('Estados Unidos', 'México')"
397,5898.26,5924.26,Brasil,Estados Unidos,"('Brasil', 'Estados Unidos')"
397,5898.26,5924.26,Brasil,México,"('Brasil', 'México')"
397,5898.26,5924.26,Estados Unidos,México,"('Estados Unidos', 'México')"
397,6089.26,6102.26,Egito,Nepal,"('Egito', 'Nepal')"
397,7403.08,7430.08,Equador,México,"('Equador', 'México')"
397,7587.08,7608.08,Argentina,Brasil,"('Argentina', 'Brasil')"
397,8383.08,8392.08,Iraque,Irã,"('Iraque', 'Irã')"
397,8418.08,8433.08,Irã,Israel,"('Irã', 'Israel')"
397,8572.08,8579.08,Estados Unidos,Israel,"('Estados Unidos', 'Israel')"
397,8618.08,8624.08,Irã,Israel,"('Irã', 'Israel')"
397,8618.08,8624.08,Irã,Turquia,"('Irã', 'Turquia')"
397,8618.08,8624.08,Israel,Turquia,"('Israel', 'Turquia')"
397,8624.08,8631.08,Irã,Israel,"('Irã', 'Israel')"
397,8624.08,8631.08,Irã,Turquia,"('Irã', 'Turquia')"
397,8624.08,8631.08,Israel,Turquia,"('Israel', 'Turquia')"
397,8657.08,8663.08,Estados Unidos,Israel,"('Estados Unidos', 'Israel')"
397,9000.08,9007.08,Israel,Líbano,"('Israel', 'Líbano')"
397,9149.08,9158.08,Líbano,Síria,"('Líbano', 'Síria')"
397,9149.08,9158.08,Luxemburgo,Líbano,"('Luxemburgo', 'Líbano')"
397,9149.08,9158.08,Luxemburgo,Síria,"('Luxemburgo', 'Síria')"
397,10048.08,10053.08,Estados Unidos,Irã,"('Estados Unidos', 'Irã')"
397,10282.08,10287.08,Irã,Israel,"('Irã', 'Israel')"
397,10358.08,10362.08,Irã,Israel,"('Irã', 'Israel')"
397,10371.08,10376.08,Irã,Israel,"('Irã', 'Israel')"
397,10448.08,10454.08,Estados Unidos,Israel,"('Estados Unidos', 'Israel')"
397,10782.08,10791.08,Estados Unidos,Israel,"('Estados Unidos', 'Israel')"
397,10803.08,10811.08,Irã,Turquia,"('Irã', 'Turquia')"
397,10848.08,10855.08,Irã,Israel,"('Irã', 'Israel')"
397,10848.08,10855.08,Irã,Rússia,"('Irã', 'Rússia')"
397,10848.08,10855.08,Israel,Rússia,"('Israel', 'Rússia')"
397,10865.08,10869.08,Irã,Rússia,"('Irã', 'Rússia')"
397,10964.08,10973.08,Bolívia,Paraguai,"('Bolívia', 'Paraguai')"
397,11085.08,11089.08,Estados Unidos,Irã,"('Estados Unidos', 'Irã')"
397,11448.08,11455.08,Azerbaijão,Israel,"('Azerbaijão', 'Israel')"
397,11471.08,11482.08,Azerbaijão,Israel,"('Azerbaijão', 'Israel')"
397,11497.08,11515.08,França,Palestina,"('França', 'Palestina')"
397,11545.08,11558.08,Bolívia,África do Sul,"('Bolívia', 'África do Sul')"
397,11545.08,11558.08,Bolívia,Brasil,"('Bolívia', 'Brasil')"
397,11545.08,11558.08,Bolívia,China,"('Bolívia', 'China')"
397,11545.08,11558.08,Bolívia,Egito,"('Bolívia', 'Egito')"
397,11545.08,11558.08,Bolívia,Indonésia,"('Bolívia', 'Indonésia')"
397,11545.08,11558.08,Bolívia,México,"('Bolívia', 'México')"
397,11545.08,11558.08,Bolívia,Turquia,"('Bolívia', 'Turquia')"
397,11545.08,11558.08,Bolívia,Zâmbia,"('Bolívia', 'Zâmbia')"
397,11545.08,11558.08,Brasil,África do Sul,"('Brasil', 'África do Sul')"
397,11545.08,11558.08,Brasil,China,"('Brasil', 'China')"
397,11545.08,11558.08,Brasil,Egito,"('Brasil', 'Egito')"
397,11545.08,11558.08,Brasil,Indonésia,"('Brasil', 'Indonésia')"
397,11545.08,11558.08,Brasil,México,"('Brasil', 'México')"
397,11545.08,11558.08,Brasil,Turquia,"('Brasil', 'Turquia')"
397,11545.08,11558.08,Brasil,Zâmbia,"('Brasil', 'Zâmbia')"
397,11545.08,11558.08,China,África do Sul,"('China', 'África do Sul')"
397,11545.08,11558.08,China,Egito,"('China', 'Egito')"
397,11545.08,11558.08,China,Indonésia,"('China', 'Indonésia')"
397,11545.08,11558.08,China,México,"('China', 'México')"
397,11545.08,11558.08,China,Turquia,"('China', 'Turquia')"
397,11545.08,11558.08,China,Zâmbia,"('China', 'Zâmbia')"
397,11545.08,11558.08,Egito,África do Sul,"('Egito', 'África do Sul')"
397,11545.08,11558.08,Egito,Indonésia,"('Egito', 'Indonésia')"
397,11545.08,11558.08,Egito,México,"('Egito', 'México')"
397,11545.08,11558.08,Egito,Turquia,"('Egito', 'Turquia')"
397,11545.08,11558.08,Egito,Zâmbia,"('Egito', 'Zâmbia')"
397,11545.08,11558.08,Indonésia,África do Sul,"('Indonésia', 'África do Sul')"
397,11545.08,11558.08,Indonésia,México,"('Indonésia', 'México')"
397,11545.08,11558.08,Indonésia,Turquia,"('Indonésia', 'Turquia')"
397,11545.08,11558.08,Indonésia,Zâmbia,"('Indonésia', 'Zâmbia')"
397,11545.08,11558.08,México,África do Sul,"('México', 'África do Sul')"
397,11545.08,11558.08,México,Turquia,"('México', 'Turquia')"
397,11545.08,11558.08,México,Zâmbia,"('México', 'Zâmbia')"
397,11545.08,11558.08,Turquia,África do Sul,"('Turquia', 'África do Sul')"
397,11545.08,11558.08,Turquia,Zâmbia,"('Turquia', 'Zâmbia')"
397,11545.08,11558.08,Zâmbia,África do Sul,"('Zâmbia', 'África do Sul')"
397,11558.08,11575.08,Brasil,China,"('Brasil', 'China')"
397,11558.08,11575.08,Brasil,Rússia,"('Brasil', 'Rússia')"
397,11558.08,11575.08,Brasil,Turquia,"('Brasil', 'Turquia')"
397,11558.08,11575.08,China,Rússia,"('China', 'Rússia')"
397,11558.08,11575.08,China,Turquia,"('China', 'Turquia')"
397,11558.08,11575.08,Rússia,Turquia,"('Rússia', 'Turquia')"
397,11708.08,11736.08,Palestina,Turquia,"('Palestina', 'Turquia')"
397,11785.08,11804.08,Síria,Turquia,"('Síria', 'Turquia')"
397,11804.08,11832.08,França,Turquia,"('França', 'Turquia')"
397,12040.08,12069.08,Estados Unidos,Irã,"('Estados Unidos', 'Irã')"
397,12069.08,12098.08,Israel,Palestina,"('Israel', 'Palestina')"
397,12240.76,12246.12,Irã,Turquia,"('Irã', 'Turquia')"
397,12379.72,12385.72,Afeganistão,Irã,"('Afeganistão', 'Irã')"
397,12379.72,12385.72,Afeganistão,Sudão,"('Afeganistão', 'Sudão')"
397,12379.72,12385.72,Irã,Sudão,"('Irã', 'Sudão')"
397,12398.8,12413.48,Brasil,China,"('Brasil', 'China')"
397,12425.8,12432.24,Brasil,China,"('Brasil', 'China')"
397,12443.8,12453.32,Brasil,China,"('Brasil', 'China')"
397,12615.84,12623.84,Israel,Líbano,"('Israel', 'Líbano')"
397,12686.72,12693.28,China,Japão,"('China', 'Japão')"
397,13062.68,13066.04,Irã,Israel,"('Irã', 'Israel')"
397,13176.76,13179.08,China,Filipinas,"('China', 'Filipinas')"
398,661.0,663.0,Argentina,Brasil,"('Argentina', 'Brasil')"
398,667.0,670.0,Paraguai,Uruguai,"('Paraguai', 'Uruguai')"
398,698.0,702.0,Paraguai,Uruguai,"('Paraguai', 'Uruguai')"
398,751.0,755.0,Argentina,Brasil,"('Argentina', 'Brasil')"
398,780.0,783.0,Argentina,Brasil,"('Argentina', 'Brasil')"
398,1439.0,1447.0,Maldivas,Índia,"('Maldivas', 'Índia')"
398,2027.6,2037.36,Brasil,Itália,"('Brasil', 'Itália')"
398,2055.2,2062.08,Indonésia,Índia,"('Indonésia', 'Índia')"
398,2055.2,2062.08,Indonésia,Nepal,"('Indonésia', 'Nepal')"
398,2055.2,2062.08,Nepal,Índia,"('Nepal', 'Índia')"
398,2334.36,2346.32,Israel,Líbano,"('Israel', 'Líbano')"
398,2389.32,2395.32,Estados Unidos,Líbano,"('Estados Unidos', 'Líbano')"
398,2527.8,2539.2,Israel,Líbano,"('Israel', 'Líbano')"
398,2670.36,2678.12,Israel,Líbano,"('Israel', 'Líbano')"
398,2700.84,2704.28,Estados Unidos,Israel,"('Estados Unidos', 'Israel')"
398,2724.24,2733.44,Estados Unidos,Iraque,"('Estados Unidos', 'Iraque')"
398,2828.64,2837.92,Estados Unidos,Israel,"('Estados Unidos', 'Israel')"
398,2876.72,2885.84,Estados Unidos,Israel,"('Estados Unidos', 'Israel')"
398,2900.88,2906.72,Estados Unidos,Israel,"('Estados Unidos', 'Israel')"
398,2907.6,2914.0,Estados Unidos,Israel,"('Estados Unidos', 'Israel')"
398,3280.52,3291.48,Estados Unidos,França,"('Estados Unidos', 'França')"
398,3670.36,3678.36,Irã,Israel,"('Irã', 'Israel')"
398,3794.12,3802.44,Irã,Rússia,"('Irã', 'Rússia')"
398,5064.0,5070.0,França,Itália,"('França', 'Itália')"
398,5112.0,5119.0,Alemanha,China,"('Alemanha', 'China')"
398,5119.0,5127.0,China,França,"('China', 'França')"
398,5119.0,5127.0,China,Itália,"('China', 'Itália')"
398,5119.0,5127.0,França,Itália,"('França', 'Itália')"
398,5274.0,5282.0,China,Rússia,"('China', 'Rússia')"
398,5429.0,5433.0,Alemanha,França,"('Alemanha', 'França')"
398,6933.0,6937.0,Canadá,Estados Unidos,"('Canadá', 'Estados Unidos')"
398,6933.0,6937.0,Canadá,Japão,"('Canadá', 'Japão')"
398,6933.0,6937.0,Estados Unidos,Japão,"('Estados Unidos', 'Japão')"
398,7435.0,7440.0,Angola,China,"('Angola', 'China')"
398,7625.84,7635.84,Cuba,Venezuela,"('Cuba', 'Venezuela')"
398,7956.12,7961.12,Estados Unidos,México,"('Estados Unidos', 'México')"
398,8842.44,8845.18,Espanha,Singapura,"('Espanha', 'Singapura')"
398,9742.96,9749.28,Bolívia,Brasil,"('Bolívia', 'Brasil')"
398,9742.96,9749.28,Bolívia,Peru,"('Bolívia', 'Peru')"
398,9742.96,9749.28,Brasil,Peru,"('Brasil', 'Peru')"
398,9761.2,9767.88,Egito,Somália,"('Egito', 'Somália')"
398,9791.28,9797.64,Egito,Etiópia,"('Egito', 'Etiópia')"
398,9905.8,9913.64,Egito,Ucrânia,"('Egito', 'Ucrânia')"
398,9931.4,9939.4,Sudão,Sudão do Sul,"('Sudão', 'Sudão do Sul')"
398,9939.4,9946.2,Sudão,Sudão do Sul,"('Sudão', 'Sudão do Sul')"
398,9946.2,9953.8,Sudão,Sudão do Sul,"('Sudão', 'Sudão do Sul')"
398,9997.0,10007.8,Estados Unidos,Noruega,"('Estados Unidos', 'Noruega')"
398,10049.4,10057.4,Etiópia,República Democrática do Congo,"('Etiópia', 'República Democrática do Congo')"
398,10049.4,10057.4,Etiópia,Uganda,"('Etiópia', 'Uganda')"
398,10049.4,10057.4,República Democrática do Congo,Uganda,"('República Democrática do Congo', 'Uganda')"
399,867.68,876.32,Espanha,Estados Unidos,"('Espanha', 'Estados Unidos')"
399,1714.6,1724.84,Austrália,Brasil,"('Austrália', 'Brasil')"
399,1714.6,1724.84,Austrália,Canadá,"('Austrália', 'Canadá')"
399,1714.6,1724.84,Brasil,Canadá,"('Brasil', 'Canadá')"
399,3036.56,3040.6,Israel,Síria,"('Israel', 'Síria')"
399,3806.34,3809.54,Israel,Líbano,"('Israel', 'Líbano')"
399,6076.24,6082.24,Canadá,Índia,"('Canadá', 'Índia')"
399,6089.24,6093.24,Canadá,Índia,"('Canadá', 'Índia')"
399,6157.24,6165.24,Canadá,Índia,"('Canadá', 'Índia')"
399,6178.24,6182.24,Paquistão,Índia,"('Paquistão', 'Índia')"
399,6317.24,6324.24,Paquistão,Índia,"('Paquistão', 'Índia')"
399,6430.24,6434.24,Paquistão,Síria,"('Paquistão', 'Síria')"
399,6513.24,6519.24,Canadá,Índia,"('Canadá', 'Índia')"
399,6519.24,6526.24,Canadá,Índia,"('Canadá', 'Índia')"
399,6641.24,6648.24,Canadá,Índia,"('Canadá', 'Índia')"
399,6654.24,6662.24,Canadá,Estados Unidos,"('Canadá', 'Estados Unidos')"
399,6736.24,6739.24,Canadá,Estados Unidos,"('Canadá', 'Estados Unidos')"
399,6783.24,6787.24,Canadá,Índia,"('Canadá', 'Índia')"
399,6844.24,6852.24,Canadá,Índia,"('Canadá', 'Índia')"
399,7279.24,7286.24,Estados Unidos,México,"('Estados Unidos', 'México')"
399,7486.24,7498.24,China,Estados Unidos,"('China', 'Estados Unidos')"
399,7775.24,7790.24,Estados Unidos,México,"('Estados Unidos', 'México')"
399,7816.24,7843.24,Estados Unidos,México,"('Estados Unidos', 'México')"
399,7964.24,7990.24,Austrália,Chile,"('Austrália', 'Chile')"
399,8040.24,8068.24,Austrália,Chile,"('Austrália', 'Chile')"
399,8109.24,8115.24,Chile,Taiwan,"('Chile', 'Taiwan')"
399,8153.24,8167.24,China,África do Sul,"('China', 'África do Sul')"
399,8153.24,8167.24,China,Taiwan,"('China', 'Taiwan')"
399,8153.24,8167.24,Taiwan,África do Sul,"('Taiwan', 'África do Sul')"
399,8607.24,8613.24,Estados Unidos,Israel,"('Estados Unidos', 'Israel')"
399,8890.24,8901.24,Estados Unidos,Israel,"('Estados Unidos', 'Israel')"
399,9275.24,9299.24,Alemanha,Israel,"('Alemanha', 'Israel')"
399,9327.24,9347.24,Israel,África do Sul,"('Israel', 'África do Sul')"
399,9376.24,9392.24,Estados Unidos,Israel,"('Estados Unidos', 'Israel')"
399,9392.24,9416.24,Estados Unidos,Israel,"('Estados Unidos', 'Israel')"
399,9416.24,9445.24,Estados Unidos,Israel,"('Estados Unidos', 'Israel')"
399,9517.24,9541.24,Estados Unidos,Israel,"('Estados Unidos', 'Israel')"
399,9643.82,9652.22,Estados Unidos,Índia,"('Estados Unidos', 'Índia')"
399,9882.38,9891.86,Israel,Palestina,"('Israel', 'Palestina')"
399,10379.52,10386.4,Estados Unidos,México,"('Estados Unidos', 'México')"
399,10392.36,10398.64,Estados Unidos,México,"('Estados Unidos', 'México')"
399,11298.16,11305.56,Argentina,Bolívia,"('Argentina', 'Bolívia')"
399,11537.48,11546.48,Burundi,França,"('Burundi', 'França')"
399,11537.48,11546.48,Burundi,Gabão,"('Burundi', 'Gabão')"
399,11537.48,11546.48,França,Gabão,"('França', 'Gabão')"
399,12045.02,12051.9,Brasil,Rússia,"('Brasil', 'Rússia')"
399,12051.9,12056.7,Brasil,Rússia,"('Brasil', 'Rússia')"
400,2079.2,2088.04,Estados Unidos,Israel,"('Estados Unidos', 'Israel')"
400,2169.8,2178.6,Estados Unidos,Israel,"('Estados Unidos', 'Israel')"
400,2186.4,2194.0,Estados Unidos,Israel,"('Estados Unidos', 'Israel')"
400,2612.24,2619.24,Estados Unidos,Israel,"('Estados Unidos', 'Israel')"
400,2657.24,2667.24,Irã,Israel,"('Irã', 'Israel')"
400,3469.24,3477.24,Estados Unidos,Israel,"('Estados Unidos', 'Israel')"
400,3620.24,3628.24,França,Israel,"('França', 'Israel')"
400,3635.24,3644.24,França,Turquia,"('França', 'Turquia')"
400,3694.24,3700.24,França,Israel,"('França', 'Israel')"
400,3991.24,4005.24,Estados Unidos,Turquia,"('Estados Unidos', 'Turquia')"
400,4005.24,4018.24,Estados Unidos,Turquia,"('Estados Unidos', 'Turquia')"
400,4308.24,4323.24,Brasil,Estados Unidos,"('Brasil', 'Estados Unidos')"
400,4355.24,4370.24,Marrocos,Palestina,"('Marrocos', 'Palestina')"
400,4370.24,4389.24,Jordânia,Palestina,"('Jordânia', 'Palestina')"
400,4389.24,4405.24,Estados Unidos,Jordânia,"('Estados Unidos', 'Jordânia')"
400,4730.24,4737.24,Bolívia,Brasil,"('Bolívia', 'Brasil')"
400,4730.24,4737.24,Bolívia,Paraguai,"('Bolívia', 'Paraguai')"
400,4730.24,4737.24,Brasil,Paraguai,"('Brasil', 'Paraguai')"
400,4834.24,4838.24,Argentina,Brasil,"('Argentina', 'Brasil')"
400,4969.24,4998.24,Argentina,Uruguai,"('Argentina', 'Uruguai')"
400,4998.24,5026.24,Argentina,Uruguai,"('Argentina', 'Uruguai')"
400,5117.24,5135.24,México,Uruguai,"('México', 'Uruguai')"
400,5368.24,5390.24,Brasil,Uruguai,"('Brasil', 'Uruguai')"
400,6083.44,6088.44,Argentina,Maurício,"('Argentina', 'Maurício')"
400,6506.44,6511.44,Brasil,China,"('Brasil', 'China')"
400,6517.44,6522.44,Argentina,Brasil,"('Argentina', 'Brasil')"
400,6537.44,6541.44,Argentina,Brasil,"('Argentina', 'Brasil')"
400,7026.44,7031.44,Argentina,Bolívia,"('Argentina', 'Bolívia')"
400,7685.44,7688.44,Chile,Peru,"('Chile', 'Peru')"
400,7851.44,7854.44,Colômbia,Peru,"('Colômbia', 'Peru')"
400,8030.44,8033.44,Colômbia,Venezuela,"('Colômbia', 'Venezuela')"
400,8700.44,8703.44,China,Índia,"('China', 'Índia')"
400,8711.44,8714.44,China,Índia,"('China', 'Índia')"
400,8946.44,8954.44,Bangladesh,Maldivas,"('Bangladesh', 'Maldivas')"
400,8946.44,8954.44,Bangladesh,Nepal,"('Bangladesh', 'Nepal')"
400,8946.44,8954.44,Maldivas,Nepal,"('Maldivas', 'Nepal')"
400,9039.44,9046.44,Bangladesh,China,"('Bangladesh', 'China')"
400,9039.44,9046.44,Bangladesh,Índia,"('Bangladesh', 'Índia')"
400,9039.44,9046.44,China,Índia,"('China', 'Índia')"
400,9142.44,9147.44,China,Rússia,"('China', 'Rússia')"
400,9230.44,9237.44,Brasil,Índia,"('Brasil', 'Índia')"
400,9279.44,9283.44,China,Índia,"('China', 'Índia')"
400,9307.44,9312.44,Egito,Etiópia,"('Egito', 'Etiópia')"
400,9307.44,9312.44,Egito,Irã,"('Egito', 'Irã')"
400,9307.44,9312.44,Etiópia,Irã,"('Etiópia', 'Irã')"
400,9383.44,9386.44,Equador,Guiana,"('Equador', 'Guiana')"
400,9412.44,9417.44,Bolívia,Cuba,"('Bolívia', 'Cuba')"
400,9412.44,9417.44,Bolívia,Indonésia,"('Bolívia', 'Indonésia')"
400,9412.44,9417.44,Bolívia,Malásia,"('Bolívia', 'Malásia')"
400,9412.44,9417.44,Cuba,Indonésia,"('Cuba', 'Indonésia')"
400,9412.44,9417.44,Cuba,Malásia,"('Cuba', 'Malásia')"
400,9412.44,9417.44,Indonésia,Malásia,"('Indonésia', 'Malásia')"
400,9429.44,9433.44,Brasil,Venezuela,"('Brasil', 'Venezuela')"
400,9433.44,9440.44,Brasil,Venezuela,"('Brasil', 'Venezuela')"
400,9471.44,9476.44,Brasil,Colômbia,"('Brasil', 'Colômbia')"
400,9505.44,9511.44,Brasil,Venezuela,"('Brasil', 'Venezuela')"
400,9587.44,9594.44,China,Rússia,"('China', 'Rússia')"
400,9587.44,9594.44,China,Venezuela,"('China', 'Venezuela')"
400,9587.44,9594.44,Rússia,Venezuela,"('Rússia', 'Venezuela')"
400,9751.44,9754.44,Rússia,Venezuela,"('Rússia', 'Venezuela')"
400,9754.44,9757.44,China,Venezuela,"('China', 'Venezuela')"
400,9798.44,9804.44,China,Índia,"('China', 'Índia')"
400,9798.44,9804.44,China,Rússia,"('China', 'Rússia')"
400,9798.44,9804.44,China,Turquia,"('China', 'Turquia')"
400,9798.44,9804.44,Rússia,Índia,"('Rússia', 'Índia')"
400,9798.44,9804.44,Rússia,Turquia,"('Rússia', 'Turquia')"
400,9798.44,9804.44,Turquia,Índia,"('Turquia', 'Índia')"
400,9807.44,9810.44,Paquistão,Turquia,"('Paquistão', 'Turquia')"
400,9810.44,9816.44,China,Rússia,"('China', 'Rússia')"
400,9810.44,9816.44,China,Turquia,"('China', 'Turquia')"
400,9810.44,9816.44,Rússia,Turquia,"('Rússia', 'Turquia')"
400,9835.44,9842.44,Rússia,Turquia,"('Rússia', 'Turquia')"
400,9851.44,9858.44,China,Índia,"('China', 'Índia')"
400,9851.44,9858.44,China,Rússia,"('China', 'Rússia')"
400,9851.44,9858.44,China,Turquia,"('China', 'Turquia')"
400,9851.44,9858.44,Rússia,Índia,"('Rússia', 'Índia')"
400,9851.44,9858.44,Rússia,Turquia,"('Rússia', 'Turquia')"
400,9851.44,9858.44,Turquia,Índia,"('Turquia', 'Índia')"
400,9877.44,9883.44,Turquia,Índia,"('Turquia', 'Índia')"
400,9887.44,9890.44,Brasil,Venezuela,"('Brasil', 'Venezuela')"
400,10034.44,10038.44,China,Turquia,"('China', 'Turquia')"
400,10302.44,10305.44,Estados Unidos,Síria,"('Estados Unidos', 'Síria')"
400,11505.44,11508.44,China,Índia,"('China', 'Índia')"
400,11505.44,11508.44,China,Rússia,"('China', 'Rússia')"
400,11505.44,11508.44,Rússia,Índia,"('Rússia', 'Índia')"
400,11520.44,11522.44,China,Rússia,"('China', 'Rússia')"
400,11522.44,11526.44,China,Estados Unidos,"('China', 'Estados Unidos')"
400,11641.44,11644.44,Brasil,Venezuela,"('Brasil', 'Venezuela')"
400,11923.44,11927.44,Egito,Tunísia,"('Egito', 'Tunísia')"
400,11923.44,11927.44,Egito,Turquia,"('Egito', 'Turquia')"
400,11923.44,11927.44,Tunísia,Turquia,"('Tunísia', 'Turquia')"
400,11981.44,11988.44,Albânia,Itália,"('Albânia', 'Itália')"
400,13046.44,13049.44,China,Índia,"('China', 'Índia')"
401,893.0,900.0,França,Noruega,"('França', 'Noruega')"
401,1748.0,1753.0,Iraque,Síria,"('Iraque', 'Síria')"
401,2511.0,2515.0,França,Japão,"('França', 'Japão')"
401,2637.0,2640.0,Estados Unidos,Israel,"('Estados Unidos', 'Israel')"
401,2691.0,2695.0,Austrália,Indonésia,"('Austrália', 'Indonésia')"
401,2695.0,2699.0,Indonésia,Israel,"('Indonésia', 'Israel')"
401,2725.0,2729.0,França,Japão,"('França', 'Japão')"
401,3297.0,3301.0,Alemanha,Estados Unidos,"('Alemanha', 'Estados Unidos')"
401,4774.0,4777.0,Brasil,China,"('Brasil', 'China')"
401,4774.0,4777.0,Brasil,Colômbia,"('Brasil', 'Colômbia')"
401,4774.0,4777.0,China,Colômbia,"('China', 'Colômbia')"
401,5071.0,5076.0,Estados Unidos,Israel,"('Estados Unidos', 'Israel')"
401,5106.0,5110.0,Cuba,Estados Unidos,"('Cuba', 'Estados Unidos')"
401,5123.0,5127.0,Estados Unidos,Israel,"('Estados Unidos', 'Israel')"
401,5136.0,5138.0,Estados Unidos,Israel,"('Estados Unidos', 'Israel')"
401,5379.0,5381.0,Colômbia,Peru,"('Colômbia', 'Peru')"
401,6028.0,6031.0,Argentina,Espanha,"('Argentina', 'Espanha')"
401,7340.0,7343.0,Colômbia,Equador,"('Colômbia', 'Equador')"
401,9406.88,9408.88,Brasil,Estados Unidos,"('Brasil', 'Estados Unidos')"
401,10875.4,10883.4,Cuba,Estados Unidos,"('Cuba', 'Estados Unidos')"
401,10898.4,10905.4,Afeganistão,Venezuela,"('Afeganistão', 'Venezuela')"
401,10912.4,10914.4,Estados Unidos,Israel,"('Estados Unidos', 'Israel')"
401,11656.4,11659.4,Estados Unidos,França,"('Estados Unidos', 'França')"
401,11656.4,11659.4,Estados Unidos,Rússia,"('Estados Unidos', 'Rússia')"
401,11656.4,11659.4,França,Rússia,"('França', 'Rússia')"
402,837.84,843.52,Guiné,Mali,"('Guiné', 'Mali')"
402,1141.64,1148.12,Indonésia,Japão,"('Indonésia', 'Japão')"
402,1141.64,1148.12,Indonésia,Rússia,"('Indonésia', 'Rússia')"
402,1141.64,1148.12,Japão,Rússia,"('Japão', 'Rússia')"
402,2106.72,2134.72,Estados Unidos,Israel,"('Estados Unidos', 'Israel')"
402,2347.72,2360.72,França,Israel,"('França', 'Israel')"
402,2411.72,2422.72,França,Rússia,"('França', 'Rússia')"
402,2498.72,2514.72,França,Israel,"('França', 'Israel')"
402,2582.72,2593.72,França,Israel,"('França', 'Israel')"
402,2603.72,2612.72,França,Israel,"('França', 'Israel')"
402,2612.72,2629.72,França,Israel,"('França', 'Israel')"
402,3000.72,3020.72,Israel,África do Sul,"('Israel', 'África do Sul')"
402,3029.72,3049.72,Estados Unidos,Irlanda,"('Estados Unidos', 'Irlanda')"
402,3807.72,3824.72,Israel,Palestina,"('Israel', 'Palestina')"
402,3991.72,4000.72,Irã,Paquistão,"('Irã', 'Paquistão')"
402,4024.72,4045.72,Brasil,Estados Unidos,"('Brasil', 'Estados Unidos')"
402,5073.72,5076.72,Bolívia,Peru,"('Bolívia', 'Peru')"
402,5210.72,5213.72,Chile,Peru,"('Chile', 'Peru')"
402,5396.72,5399.72,Argentina,Chile,"('Argentina', 'Chile')"
402,6048.72,6059.72,Espanha,Uruguai,"('Espanha', 'Uruguai')"
402,6140.72,6145.72,Brasil,Venezuela,"('Brasil', 'Venezuela')"
402,6521.72,6525.72,El Salvador,Venezuela,"('El Salvador', 'Venezuela')"
402,6955.72,6962.72,Colômbia,Jamaica,"('Colômbia', 'Jamaica')"
402,6955.72,6962.72,Colômbia,Panamá,"('Colômbia', 'Panamá')"
402,6955.72,6962.72,Jamaica,Panamá,"('Jamaica', 'Panamá')"
402,7009.72,7014.72,Cuba,México,"('Cuba', 'México')"
402,10813.72,10816.72,Estados Unidos,México,"('Estados Unidos', 'México')"
402,11649.72,11659.72,Israel,Palestina,"('Israel', 'Palestina')"
402,11659.72,11669.72,Israel,Ucrânia,"('Israel', 'Ucrânia')"
402,11659.72,11669.72,Israel,Palestina,"('Israel', 'Palestina')"
402,11659.72,11669.72,Palestina,Ucrânia,"('Palestina', 'Ucrânia')"
402,11669.72,11673.72,Israel,Palestina,"('Israel', 'Palestina')"
402,11676.72,11682.72,Israel,Palestina,"('Israel', 'Palestina')"
402,12366.72,12370.72,China,Taiwan,"('China', 'Taiwan')"
402,13044.72,13048.72,China,Estados Unidos,"('China', 'Estados Unidos')"
402,13146.72,13148.72,Irã,Israel,"('Irã', 'Israel')"
402,13153.72,13155.72,Irã,Israel,"('Irã', 'Israel')"
402,16239.72,16246.72,China,Estados Unidos,"('China', 'Estados Unidos')"
402,16246.72,16250.72,Alemanha,Estados Unidos,"('Alemanha', 'Estados Unidos')"
403,494.0,516.0,Angola,Sudão,"('Angola', 'Sudão')"
403,670.0,681.0,Azerbaijão,Estados Unidos,"('Azerbaijão', 'Estados Unidos')"
403,776.0,790.0,Austrália,Turquia,"('Austrália', 'Turquia')"
403,790.0,805.0,Austrália,Turquia,"('Austrália', 'Turquia')"
403,1292.0,1302.0,Estados Unidos,Turquia,"('Estados Unidos', 'Turquia')"
403,2210.64,2220.64,Brasil,Espanha,"('Brasil', 'Espanha')"
403,3902.64,3903.64,Canadá,Índia,"('Canadá', 'Índia')"
403,5081.64,5095.64,Iraque,Somália,"('Iraque', 'Somália')"
403,6455.64,6464.64,Albânia,Bulgária,"('Albânia', 'Bulgária')"
403,6455.64,6464.64,Albânia,Grécia,"('Albânia', 'Grécia')"
403,6455.64,6464.64,Bulgária,Grécia,"('Bulgária', 'Grécia')"
403,8263.64,8270.64,Brasil,Espanha,"('Brasil', 'Espanha')"
403,8500.64,8507.64,Brasil,China,"('Brasil', 'China')"
403,8522.64,8533.64,Brasil,China,"('Brasil', 'China')"
403,8572.64,8585.64,Brasil,China,"('Brasil', 'China')"
403,8831.64,8840.64,Brasil,Estados Unidos,"('Brasil', 'Estados Unidos')"
403,8885.64,8894.64,Brasil,Estados Unidos,"('Brasil', 'Estados Unidos')"
403,8903.64,8912.64,Brasil,Estados Unidos,"('Brasil', 'Estados Unidos')"
403,9419.64,9444.64,Canadá,França,"('Canadá', 'França')"
403,9419.64,9444.64,Canadá,Marrocos,"('Canadá', 'Marrocos')"
403,9419.64,9444.64,França,Marrocos,"('França', 'Marrocos')"
403,9866.64,9889.64,Brasil,Estados Unidos,"('Brasil', 'Estados Unidos')"
403,10192.84,10199.84,Canadá,Estados Unidos,"('Canadá', 'Estados Unidos')"
403,10379.84,10385.84,Canadá,Chile,"('Canadá', 'Chile')"
403,12209.76,12215.44,Estados Unidos,Rússia,"('Estados Unidos', 'Rússia')"
403,12481.48,12487.48,África do Sul,Índia,"('África do Sul', 'Índia')"
403,12481.48,12487.48,Brasil,África do Sul,"('Brasil', 'África do Sul')"
403,12481.48,12487.48,Brasil,Índia,"('Brasil', 'Índia')"
403,12604.48,12610.48,Brasil,República Democrática do Congo,"('Brasil', 'República Democrática do Congo')"
403,12861.48,12865.48,Estados Unidos,África do Sul,"('Estados Unidos', 'África do Sul')"
403,12927.48,12932.48,Argentina,Brasil,"('Argentina', 'Brasil')"
403,13150.48,13154.48,Brasil,China,"('Brasil', 'China')"
403,13263.48,13268.48,Itália,Índia,"('Itália', 'Índia')"
403,13367.48,13372.48,Chile,Peru,"('Chile', 'Peru')"
403,13765.48,13772.48,Israel,Palestina,"('Israel', 'Palestina')"
403,15892.48,15896.48,Alemanha,Itália,"('Alemanha', 'Itália')"
403,15899.48,15903.48,Albânia,Itália,"('Albânia', 'Itália')"
403,15978.48,15980.48,Itália,Noruega,"('Itália', 'Noruega')"
403,17902.48,17904.48,França,México,"('França', 'México')"
403,17920.48,17922.48,Argentina,Brasil,"('Argentina', 'Brasil')"
403,17920.48,17922.48,Argentina,México,"('Argentina', 'México')"
403,17920.48,17922.48,Brasil,México,"('Brasil', 'México')"
403,17931.48,17934.48,Bolívia,Paraguai,"('Bolívia', 'Paraguai')"
403,17931.48,17934.48,Bolívia,Uruguai,"('Bolívia', 'Uruguai')"
403,17931.48,17934.48,Paraguai,Uruguai,"('Paraguai', 'Uruguai')"
403,18307.48,18316.48,Brasil,Suécia,"('Brasil', 'Suécia')"
403,19875.08,19886.08,Argentina,Paraguai,"('Argentina', 'Paraguai')"
403,19941.08,19948.08,Argentina,Brasil,"('Argentina', 'Brasil')"
403,19941.08,19948.08,Argentina,Paraguai,"('Argentina', 'Paraguai')"
403,19941.08,19948.08,Brasil,Paraguai,"('Brasil', 'Paraguai')"
403,19963.08,19976.08,Bolívia,Paraguai,"('Bolívia', 'Paraguai')"
403,20155.08,20163.08,Chile,Peru,"('Chile', 'Peru')"
403,20203.08,20208.08,Chile,Estados Unidos,"('Chile', 'Estados Unidos')"
403,20404.08,20407.08,China,Estados Unidos,"('China', 'Estados Unidos')"
403,20638.08,20645.08,Equador,Israel,"('Equador', 'Israel')"
403,20652.08,20657.08,Equador,Israel,"('Equador', 'Israel')"
403,20652.08,20657.08,Equador,Turquia,"('Equador', 'Turquia')"
403,20652.08,20657.08,Israel,Turquia,"('Israel', 'Turquia')"
403,21084.08,21096.08,Estados Unidos,Venezuela,"('Estados Unidos', 'Venezuela')"
403,21155.08,21165.08,Brasil,Estados Unidos,"('Brasil', 'Estados Unidos')"
403,21155.08,21165.08,Brasil,Venezuela,"('Brasil', 'Venezuela')"
403,21155.08,21165.08,Estados Unidos,Venezuela,"('Estados Unidos', 'Venezuela')"
403,21286.08,21314.08,Chile,Venezuela,"('Chile', 'Venezuela')"
403,21541.08,21552.08,Cuba,Rússia,"('Cuba', 'Rússia')"
403,21557.08,21568.08,Cuba,Rússia,"('Cuba', 'Rússia')"
403,21694.08,21708.08,Canadá,Estados Unidos,"('Canadá', 'Estados Unidos')"
403,22673.08,22681.08,Israel,Turquia,"('Israel', 'Turquia')"
403,24409.08,24417.08,Brasil,Índia,"('Brasil', 'Índia')"
403,24417.08,24423.08,Brasil,África do Sul,"('Brasil', 'África do Sul')"
403,24487.08,24492.08,Brasil,Índia,"('Brasil', 'Índia')"
403,24681.08,24687.08,Brasil,África do Sul,"('Brasil', 'África do Sul')"
403,24830.08,24834.08,Brasil,África do Sul,"('Brasil', 'África do Sul')"
403,24885.08,24889.08,Brasil,Guiana,"('Brasil', 'Guiana')"
403,24892.08,24897.08,Chile,Peru,"('Chile', 'Peru')"
403,25173.08,25179.08,Brasil,China,"('Brasil', 'China')"
403,25184.08,25186.08,Brasil,China,"('Brasil', 'China')"
404,431.0,435.0,Canadá,México,"('Canadá', 'México')"
404,454.0,458.0,Canadá,Estados Unidos,"('Canadá', 'Estados Unidos')"
404,468.0,476.0,Canadá,Estados Unidos,"('Canadá', 'Estados Unidos')"
404,476.0,482.0,Canadá,Estados Unidos,"('Canadá', 'Estados Unidos')"
404,491.0,496.0,Canadá,Estados Unidos,"('Canadá', 'Estados Unidos')"
404,501.0,508.0,Canadá,Estados Unidos,"('Canadá', 'Estados Unidos')"
404,525.0,532.0,China,Estados Unidos,"('China', 'Estados Unidos')"
404,525.0,532.0,China,Peru,"('China', 'Peru')"
404,525.0,532.0,Estados Unidos,Peru,"('Estados Unidos', 'Peru')"
404,535.0,539.0,Estados Unidos,Peru,"('Estados Unidos', 'Peru')"
404,1301.08,1308.4,Estados Unidos,Somália,"('Estados Unidos', 'Somália')"
404,2277.56,2283.56,Austrália,Turquia,"('Austrália', 'Turquia')"
404,3480.76,3490.04,Argentina,Bolívia,"('Argentina', 'Bolívia')"
404,3480.76,3490.04,Argentina,Brasil,"('Argentina', 'Brasil')"
404,3480.76,3490.04,Bolívia,Brasil,"('Bolívia', 'Brasil')"
404,4550.16,4552.4,Alemanha,França,"('Alemanha', 'França')"
404,5045.52,5054.04,Canadá,Japão,"('Canadá', 'Japão')"
404,5045.52,5054.04,Canadá,México,"('Canadá', 'México')"
404,5045.52,5054.04,Japão,México,"('Japão', 'México')"
404,5054.04,5064.76,Estados Unidos,Índia,"('Estados Unidos', 'Índia')"
404,5083.56,5092.24,Brasil,Israel,"('Brasil', 'Israel')"
404,5189.44,5196.4,Austrália,Irlanda,"('Austrália', 'Irlanda')"
404,5189.44,5196.4,Austrália,Itália,"('Austrália', 'Itália')"
404,5189.44,5196.4,Irlanda,Itália,"('Irlanda', 'Itália')"
404,5235.6,5244.12,Argentina,Paraguai,"('Argentina', 'Paraguai')"
404,5717.64,5725.16,China,Estados Unidos,"('China', 'Estados Unidos')"
404,6065.88,6074.44,Irã,Israel,"('Irã', 'Israel')"
404,6442.36,6455.48,Síria,Turquia,"('Síria', 'Turquia')"
404,6571.0,6587.8,Irã,Rússia,"('Irã', 'Rússia')"
404,6571.0,6587.8,Irã,Síria,"('Irã', 'Síria')"
404,6571.0,6587.8,Rússia,Síria,"('Rússia', 'Síria')"
404,6614.36,6627.32,Israel,Síria,"('Israel', 'Síria')"
404,6679.16,6691.0,Líbano,Turquia,"('Líbano', 'Turquia')"
404,6691.24,6698.0,Israel,Síria,"('Israel', 'Síria')"
404,6698.0,6703.48,Rússia,Síria,"('Rússia', 'Síria')"
404,7128.84,7147.84,Estados Unidos,Rússia,"('Estados Unidos', 'Rússia')"
404,7128.84,7147.84,Estados Unidos,Turquia,"('Estados Unidos', 'Turquia')"
404,7128.84,7147.84,Rússia,Turquia,"('Rússia', 'Turquia')"
404,8109.84,8122.84,Chile,Uruguai,"('Chile', 'Uruguai')"
404,8563.34,8569.38,Bolívia,Brasil,"('Bolívia', 'Brasil')"
404,8810.22,8818.46,Brasil,França,"('Brasil', 'França')"
404,8998.66,9006.26,França,Polônia,"('França', 'Polônia')"
404,9308.94,9318.94,China,Paraguai,"('China', 'Paraguai')"
404,9347.98,9358.46,China,Paraguai,"('China', 'Paraguai')"
404,9358.46,9369.98,Argentina,China,"('Argentina', 'China')"
404,9358.46,9369.98,Argentina,Paraguai,"('Argentina', 'Paraguai')"
404,9358.46,9369.98,China,Paraguai,"('China', 'Paraguai')"
404,9369.98,9378.46,China,Maurício,"('China', 'Maurício')"
404,9378.46,9386.46,Argentina,Brasil,"('Argentina', 'Brasil')"
404,10926.06,10932.06,Estados Unidos,Venezuela,"('Estados Unidos', 'Venezuela')"
404,11066.06,11074.06,Argentina,Venezuela,"('Argentina', 'Venezuela')"
404,11325.06,11332.06,Guiana,Venezuela,"('Guiana', 'Venezuela')"
404,11654.06,11660.06,Canadá,México,"('Canadá', 'México')"
404,11676.06,11683.06,Canadá,México,"('Canadá', 'México')"
404,11747.06,11754.06,Canadá,México,"('Canadá', 'México')"
404,11790.06,11796.06,Canadá,México,"('Canadá', 'México')"
404,11809.06,11814.06,Estados Unidos,México,"('Estados Unidos', 'México')"
404,13126.06,13144.06,Estados Unidos,Filipinas,"('Estados Unidos', 'Filipinas')"
404,13126.06,13144.06,Estados Unidos,Japão,"('Estados Unidos', 'Japão')"
404,13126.06,13144.06,Estados Unidos,Taiwan,"('Estados Unidos', 'Taiwan')"
404,13126.06,13144.06,Filipinas,Japão,"('Filipinas', 'Japão')"
404,13126.06,13144.06,Filipinas,Taiwan,"('Filipinas', 'Taiwan')"
404,13126.06,13144.06,Japão,Taiwan,"('Japão', 'Taiwan')"
404,13409.06,13435.06,Malásia,Suíça,"('Malásia', 'Suíça')"
404,14585.56,14588.66,Noruega,Suécia,"('Noruega', 'Suécia')"
405,391.0,394.0,Somália,Turquia,"('Somália', 'Turquia')"
405,432.0,436.0,Egito,Etiópia,"('Egito', 'Etiópia')"
405,563.0,570.0,Austrália,Nauru,"('Austrália', 'Nauru')"
405,612.0,618.0,Austrália,China,"('Austrália', 'China')"
405,1265.0,1268.0,Israel,Palestina,"('Israel', 'Palestina')"
405,2968.0,2974.0,Brasil,Israel,"('Brasil', 'Israel')"
405,2977.0,2980.0,Estados Unidos,Israel,"('Estados Unidos', 'Israel')"
405,3001.0,3006.0,Brasil,Israel,"('Brasil', 'Israel')"
405,3077.0,3081.0,Brasil,Israel,"('Brasil', 'Israel')"
405,4289.0,4294.0,Canadá,Estados Unidos,"('Canadá', 'Estados Unidos')"
405,4376.0,4380.0,Bolívia,Venezuela,"('Bolívia', 'Venezuela')"
405,4594.0,4599.0,China,Portugal,"('China', 'Portugal')"
405,5414.0,5417.0,Rússia,Síria,"('Rússia', 'Síria')"
405,7264.0,7266.0,Rússia,Síria,"('Rússia', 'Síria')"
405,7299.0,7302.0,Rússia,Síria,"('Rússia', 'Síria')"
405,7378.0,7382.0,Mali,Sudão,"('Mali', 'Sudão')"
405,7585.0,7590.0,Israel,Rússia,"('Israel', 'Rússia')"
405,7594.0,7598.0,Rússia,Síria,"('Rússia', 'Síria')"
405,7620.0,7623.0,Rússia,Síria,"('Rússia', 'Síria')"
405,7625.0,7627.0,Rússia,Síria,"('Rússia', 'Síria')"
405,7665.0,7668.0,Israel,Rússia,"('Israel', 'Rússia')"
405,7665.0,7668.0,Israel,Síria,"('Israel', 'Síria')"
405,7665.0,7668.0,Rússia,Síria,"('Rússia', 'Síria')"
405,7735.0,7737.0,Irã,Israel,"('Irã', 'Israel')"
405,7735.0,7737.0,Irã,Síria,"('Irã', 'Síria')"
405,7735.0,7737.0,Israel,Síria,"('Israel', 'Síria')"
405,7837.0,7840.0,Israel,Síria,"('Israel', 'Síria')"
405,8100.0,8103.0,Iraque,Síria,"('Iraque', 'Síria')"
405,8255.0,8256.0,Israel,Palestina,"('Israel', 'Palestina')"
405,8367.0,8371.0,Irã,Síria,"('Irã', 'Síria')"
405,8410.0,8413.0,Irã,Rússia,"('Irã', 'Rússia')"
405,8410.0,8413.0,Irã,Turquia,"('Irã', 'Turquia')"
405,8410.0,8413.0,Rússia,Turquia,"('Rússia', 'Turquia')"
405,8454.0,8456.0,Israel,Palestina,"('Israel', 'Palestina')"
405,8817.0,8820.0,Irlanda,Israel,"('Irlanda', 'Israel')"
405,9171.0,9174.0,Irlanda,Israel,"('Irlanda', 'Israel')"
405,9717.0,9721.0,China,Estados Unidos,"('China', 'Estados Unidos')"
405,9990.0,9994.0,França,Polônia,"('França', 'Polônia')"
405,10010.0,10013.0,Itália,Polônia,"('Itália', 'Polônia')"
405,10397.0,10400.0,Alemanha,Espanha,"('Alemanha', 'Espanha')"
405,10600.0,10605.0,Brasil,Colômbia,"('Brasil', 'Colômbia')"
405,10674.0,10677.0,França,Polônia,"('França', 'Polônia')"
405,10718.0,10722.0,Argentina,Brasil,"('Argentina', 'Brasil')"
405,10748.0,10752.0,Argentina,Brasil,"('Argentina', 'Brasil')"
405,11405.0,11410.0,Argentina,Brasil,"('Argentina', 'Brasil')"
405,11864.0,11872.0,China,Paraguai,"('China', 'Paraguai')"
405,11872.0,11875.0,Paraguai,Taiwan,"('Paraguai', 'Taiwan')"
405,12011.0,12014.0,Argentina,Paraguai,"('Argentina', 'Paraguai')"
405,13540.0,13543.0,Bolívia,Chile,"('Bolívia', 'Chile')"
405,13729.0,13735.0,Chile,Estados Unidos,"('Chile', 'Estados Unidos')"
405,13994.0,14001.0,Chile,Peru,"('Chile', 'Peru')"
405,14230.0,14236.0,Alemanha,Brasil,"('Alemanha', 'Brasil')"
405,14230.0,14236.0,Alemanha,Estados Unidos,"('Alemanha', 'Estados Unidos')"
405,14230.0,14236.0,Brasil,Estados Unidos,"('Brasil', 'Estados Unidos')"
405,14322.0,14328.0,Equador,Peru,"('Equador', 'Peru')"
405,14377.0,14383.0,Brasil,Estados Unidos,"('Brasil', 'Estados Unidos')"
405,14441.0,14448.0,Colômbia,Equador,"('Colômbia', 'Equador')"
405,14727.0,14733.0,Colômbia,Estados Unidos,"('Colômbia', 'Estados Unidos')"
405,14727.0,14733.0,Colômbia,Venezuela,"('Colômbia', 'Venezuela')"
405,14727.0,14733.0,Estados Unidos,Venezuela,"('Estados Unidos', 'Venezuela')"
405,15431.0,15439.0,Estados Unidos,México,"('Estados Unidos', 'México')"
405,15917.0,15921.0,Austrália,Brunei,"('Austrália', 'Brunei')"
405,15917.0,15921.0,Austrália,Canadá,"('Austrália', 'Canadá')"
405,15917.0,15921.0,Austrália,Chile,"('Austrália', 'Chile')"
405,15917.0,15921.0,Austrália,Japão,"('Austrália', 'Japão')"
405,15917.0,15921.0,Austrália,México,"('Austrália', 'México')"
405,15917.0,15921.0,Brunei,Canadá,"('Brunei', 'Canadá')"
405,15917.0,15921.0,Brunei,Chile,"('Brunei', 'Chile')"
405,15917.0,15921.0,Brunei,Japão,"('Brunei', 'Japão')"
405,15917.0,15921.0,Brunei,México,"('Brunei', 'México')"
405,15917.0,15921.0,Canadá,Chile,"('Canadá', 'Chile')"
405,15917.0,15921.0,Canadá,Japão,"('Canadá', 'Japão')"
405,15917.0,15921.0,Canadá,México,"('Canadá', 'México')"
405,15917.0,15921.0,Chile,Japão,"('Chile', 'Japão')"
405,15917.0,15921.0,Chile,México,"('Chile', 'México')"
405,15917.0,15921.0,Japão,México,"('Japão', 'México')"
405,15933.0,15942.0,China,Estados Unidos,"('China', 'Estados Unidos')"
405,15965.0,15972.0,Austrália,Canadá,"('Austrália', 'Canadá')"
405,16305.0,16318.0,China,Japão,"('China', 'Japão')"
405,16512.0,16526.0,China,Índia,"('China', 'Índia')"
405,16550.0,16559.0,China,Índia,"('China', 'Índia')"
405,16646.0,16672.0,Bangladesh,Índia,"('Bangladesh', 'Índia')"
405,17666.0,17673.0,Brasil,Estados Unidos,"('Brasil', 'Estados Unidos')"
405,18351.0,18379.0,Romênia,Rússia,"('Romênia', 'Rússia')"
405,18395.0,18412.0,Romênia,Rússia,"('Romênia', 'Rússia')"
405,18786.52,18795.52,Alemanha,França,"('Alemanha', 'França')"
405,18786.52,18795.52,Alemanha,Suíça,"('Alemanha', 'Suíça')"
405,18786.52,18795.52,França,Suíça,"('França', 'Suíça')"
405,19381.52,19386.52,Itália,Noruega,"('Itália', 'Noruega')"
405,19399.52,19408.52,Estônia,República Democrática do Congo,"('Estônia', 'República Democrática do Congo')"
405,19602.52,19619.52,França,Irlanda,"('França', 'Irlanda')"
405,19902.52,19930.52,Canadá,Islândia,"('Canadá', 'Islândia')"
405,20007.52,20021.52,Canadá,Estados Unidos,"('Canadá', 'Estados Unidos')"
405,20071.52,20082.52,Canadá,Estados Unidos,"('Canadá', 'Estados Unidos')"
405,20082.52,20094.52,Canadá,Estados Unidos,"('Canadá', 'Estados Unidos')"
405,20135.52,20142.52,Canadá,Estados Unidos,"('Canadá', 'Estados Unidos')"
405,20264.52,20274.52,Brasil,Estados Unidos,"('Brasil', 'Estados Unidos')"
405,20343.52,20347.52,China,Estados Unidos,"('China', 'Estados Unidos')"
405,20361.52,20374.52,China,Estados Unidos,"('China', 'Estados Unidos')"
405,20470.52,20481.52,China,Estados Unidos,"('China', 'Estados Unidos')"
405,20514.52,20525.52,China,Estados Unidos,"('China', 'Estados Unidos')"
405,21089.52,21094.52,Angola,Estados Unidos,"('Angola', 'Estados Unidos')"
405,21161.52,21166.52,Angola,Brasil,"('Angola', 'Brasil')"
405,22747.66,22752.66,Bélgica,França,"('Bélgica', 'França')"
